session_date,device,medium,sessions,view_item_sessions,add_to_cart_sessions,checkout_sessions,purchase_sessions,transactions,revenue
2020-12-12,desktop,organic,816,167,59,36,19,19,1045.0
2020-12-08,mobile,organic,992,173,50,26,9,9,625.0
2020-11-11,mobile,cpc,77,16,0,5,1,1,74.0
2021-01-24,desktop,organic,612,132,17,12,6,6,570.0
2020-12-08,desktop,(none),1029,214,72,44,15,17,1525.0
2020-11-10,mobile,organic,516,135,0,21,8,8,444.0
2020-12-12,mobile,cpc,86,22,12,6,1,1,14.0
2020-11-29,mobile,organic,467,99,36,21,10,10,840.0
2020-11-13,desktop,(none),504,136,0,27,11,16,843.0
2020-12-02,desktop,redacted,606,153,49,26,8,8,640.0
2021-01-31,desktop,organic,556,114,18,10,2,2,0.0
2020-11-26,tablet,organic,34,10,4,0,0,0,0.0
2020-11-25,desktop,referral,470,121,7,20,11,14,655.0
2020-12-23,desktop,(none),445,105,29,9,4,4,746.0
2021-01-11,desktop,(none),514,85,19,9,5,5,223.0
2020-11-01,desktop,redacted,277,46,0,10,1,0,60.0
2021-01-29,mobile,(none),345,70,15,11,6,6,0.0
2020-12-12,mobile,redacted,335,59,22,16,9,10,650.0
2021-01-05,desktop,(none),577,97,15,5,3,3,80.0
2020-11-21,mobile,redacted,274,65,0,7,2,2,116.0
2021-01-07,tablet,redacted,25,7,1,0,0,0,0.0
2020-12-17,desktop,organic,1033,239,61,28,17,20,895.0
2021-01-07,mobile,referral,322,47,12,4,0,0,0.0
2020-11-29,desktop,referral,356,84,30,12,6,6,565.0
2020-12-02,mobile,referral,353,84,26,12,5,5,249.0
2021-01-19,desktop,referral,415,88,19,6,3,3,264.0
2020-12-15,desktop,cpc,159,28,9,5,3,3,224.0
2021-01-06,mobile,(none),555,65,12,4,3,3,177.0
2020-11-24,desktop,(none),579,156,0,32,15,15,1464.0
2020-12-17,mobile,redacted,452,115,22,14,5,13,446.0
2020-11-12,mobile,(none),335,85,0,13,4,4,373.0
2020-11-07,desktop,redacted,243,68,0,8,2,2,167.0
2021-01-06,desktop,cpc,157,21,7,1,1,1,44.0
2020-12-09,desktop,referral,683,148,45,33,17,17,751.0
2020-11-17,mobile,organic,531,135,32,33,11,16,778.0
2020-11-16,mobile,redacted,320,80,2,15,4,4,235.0
2020-11-12,mobile,redacted,311,92,0,14,4,5,350.0
2021-01-06,mobile,cpc,101,13,2,0,0,0,0.0
2020-12-13,mobile,(none),340,61,21,10,5,5,223.0
2021-01-29,desktop,referral,378,90,21,15,13,13,118.0
2020-12-10,mobile,redacted,517,138,43,28,15,16,1492.0
2020-11-10,desktop,redacted,461,121,0,21,7,7,489.0
2020-11-28,desktop,referral,331,71,28,11,5,5,716.0
2021-01-02,mobile,organic,360,55,9,4,2,2,13.0
2021-01-12,mobile,cpc,85,12,1,1,1,1,42.0
2020-11-15,mobile,redacted,197,50,0,9,2,2,67.0
2021-01-11,desktop,referral,357,76,21,6,4,4,186.0
2020-11-23,mobile,cpc,60,22,0,5,2,2,242.0
2021-01-24,desktop,(none),423,86,13,4,1,1,22.0
2020-12-27,desktop,cpc,66,8,0,0,0,0,0.0
2021-01-23,desktop,referral,302,74,16,10,6,6,119.0
2020-11-09,mobile,(none),305,81,0,18,5,5,168.0
2020-12-23,mobile,cpc,70,18,6,3,0,0,0.0
2021-01-01,desktop,(none),336,55,15,3,1,1,305.0
2021-01-29,tablet,(none),21,5,1,2,1,1,0.0
2021-01-06,tablet,(none),40,5,0,0,0,0,0.0
2020-12-19,mobile,cpc,73,10,4,1,0,0,0.0
2021-01-12,tablet,organic,32,5,1,1,1,1,101.0
2020-11-17,tablet,organic,23,7,3,1,0,0,0.0
2020-11-30,desktop,cpc,127,39,15,7,6,6,385.0
2020-11-13,tablet,cpc,6,1,0,0,0,0,0.0
2021-01-03,desktop,cpc,60,9,0,2,1,1,15.0
2020-11-21,desktop,cpc,84,28,0,5,0,0,0.0
2020-11-08,tablet,(none),10,3,0,0,0,0,0.0
2020-11-23,tablet,redacted,13,3,0,0,0,0,0.0
2020-12-01,tablet,referral,24,6,1,0,0,0,0.0
2020-11-19,tablet,redacted,23,7,0,0,0,0,0.0
2021-01-13,tablet,organic,25,2,0,0,0,0,0.0
2020-12-26,tablet,organic,18,4,0,0,0,0,0.0
2020-12-23,tablet,organic,25,4,1,0,0,0,0.0
2021-01-05,tablet,(none),21,2,0,0,0,0,0.0
2020-11-04,tablet,referral,27,8,0,2,1,1,22.0
2020-11-18,tablet,referral,20,7,2,3,0,0,0.0
2021-01-09,tablet,redacted,17,1,0,0,0,0,0.0
2020-11-24,tablet,(none),21,4,0,0,0,0,0.0
2021-01-06,tablet,referral,13,1,0,1,0,0,0.0
2021-01-22,tablet,(none),21,7,2,1,1,1,130.0
2020-12-02,tablet,(none),25,9,2,1,0,0,0.0
2020-12-18,tablet,organic,42,5,0,0,0,0,0.0
2020-12-17,tablet,referral,13,1,1,0,0,0,0.0
2020-12-05,desktop,organic,645,146,54,29,13,13,962.0
2020-11-30,desktop,referral,492,138,52,31,18,19,1597.0
2020-11-29,mobile,(none),311,69,31,12,3,3,124.0
2020-12-22,desktop,referral,373,79,17,10,8,8,776.0
2021-01-21,desktop,organic,899,257,33,17,11,13,985.0
2020-12-19,mobile,organic,483,100,27,13,4,4,310.0
2020-11-02,mobile,(none),338,76,0,7,3,3,333.0
2020-12-13,mobile,organic,551,105,29,17,8,8,343.0
2021-01-21,desktop,redacted,562,181,27,16,6,6,382.0
2020-12-14,mobile,(none),447,104,37,20,7,14,789.0
2020-12-17,desktop,cpc,149,33,11,6,4,4,333.0
2020-11-28,desktop,organic,643,143,58,31,13,13,918.0
2020-11-16,mobile,(none),346,90,3,13,6,6,504.0
2021-01-21,desktop,cpc,135,40,1,0,0,0,0.0
2020-11-23,tablet,organic,33,11,0,4,2,2,344.0
2020-12-20,mobile,redacted,269,50,9,3,2,2,130.0
2021-01-03,desktop,(none),385,50,8,3,1,1,41.0
2021-01-10,mobile,cpc,55,9,0,0,0,0,0.0
2020-11-11,desktop,cpc,99,23,0,3,2,2,49.0
2021-01-27,desktop,redacted,593,169,30,18,3,4,16.0
2021-01-01,desktop,organic,490,63,11,3,2,2,181.0
2020-11-06,mobile,organic,433,112,0,26,8,8,791.0
2020-11-30,desktop,organic,915,233,78,42,20,20,2578.0
2020-11-28,mobile,(none),306,70,22,14,8,9,607.0
2021-01-24,mobile,referral,206,41,15,6,2,2,56.0
2020-12-18,mobile,redacted,408,106,35,20,9,11,510.0
2020-12-29,desktop,organic,689,86,16,2,1,1,30.0
2021-01-21,mobile,redacted,384,117,16,11,4,4,192.0
2020-12-24,desktop,(none),364,71,15,4,1,1,0.0
2020-11-21,desktop,referral,329,92,0,15,7,7,1538.0
2020-12-08,mobile,redacted,630,124,43,26,8,8,575.0
2020-11-26,tablet,(none),17,3,1,2,1,1,55.0
2020-12-20,desktop,organic,705,118,28,9,5,5,734.0
2020-11-24,desktop,redacted,512,132,0,31,14,14,1060.0
2020-12-28,mobile,redacted,259,45,9,4,4,4,115.0
2020-11-03,tablet,referral,20,8,0,1,0,0,0.0
2021-01-31,desktop,redacted,339,66,16,5,2,2,0.0
2020-12-17,mobile,(none),490,122,29,15,11,15,1252.0
2021-01-23,desktop,(none),414,80,15,9,1,1,81.0
2020-11-04,desktop,cpc,98,21,0,4,0,0,0.0
2021-01-05,mobile,redacted,336,47,8,4,3,3,122.0
2021-01-20,tablet,(none),24,6,0,1,0,0,0.0
2020-11-21,mobile,organic,444,129,0,16,2,2,116.0
2020-12-29,desktop,redacted,408,66,16,7,4,4,212.0
2021-01-02,mobile,redacted,196,31,5,2,1,1,48.0
2020-12-07,mobile,cpc,95,21,6,3,1,1,29.0
2021-01-19,mobile,cpc,63,9,0,0,0,0,0.0
2020-12-05,mobile,redacted,287,74,18,14,8,10,565.0
2020-12-03,tablet,organic,34,12,5,1,1,1,28.0
2021-01-30,mobile,(none),277,56,10,3,2,2,28.0
2020-11-17,mobile,cpc,53,15,1,1,0,0,0.0
2020-12-31,mobile,referral,147,23,7,4,3,3,93.0
2020-12-19,tablet,referral,13,2,0,0,0,0,0.0
2020-11-28,tablet,cpc,3,0,0,0,0,0,0.0
2020-11-04,tablet,(none),18,3,0,0,0,0,0.0
2020-11-07,tablet,referral,11,2,0,0,0,0,0.0
2021-01-05,tablet,organic,35,5,0,0,0,0,0.0
2020-12-10,tablet,organic,39,6,1,0,0,0,0.0
2020-12-16,tablet,organic,31,3,0,0,0,0,0.0
2020-12-27,tablet,redacted,14,1,0,0,0,0,0.0
2020-11-19,tablet,referral,17,9,0,1,0,0,0.0
2020-11-29,tablet,redacted,15,5,2,2,0,0,0.0
2021-01-23,tablet,organic,27,7,1,1,0,0,0.0
2020-11-28,tablet,(none),13,0,0,0,0,0,0.0
2020-11-03,mobile,referral,379,63,0,6,3,3,455.0
2020-12-14,desktop,organic,1037,220,70,28,11,11,1928.0
2020-12-17,mobile,referral,373,88,27,11,9,11,1242.0
2021-01-24,desktop,redacted,343,78,17,7,5,5,180.0
2020-12-01,desktop,redacted,582,141,61,33,21,22,1104.0
2021-01-12,mobile,redacted,393,70,14,7,2,2,51.0
2020-11-03,desktop,(none),729,115,0,19,6,6,521.0
2020-11-27,desktop,organic,760,164,57,31,7,7,465.0
2020-11-19,desktop,referral,474,126,5,20,10,10,1494.0
2021-01-08,mobile,organic,613,90,14,4,1,1,30.0
2020-12-31,desktop,organic,558,76,13,7,3,3,241.0
2021-01-08,desktop,redacted,514,88,22,7,4,4,208.0
2021-01-12,mobile,(none),439,66,12,7,6,6,264.0
2020-11-12,desktop,organic,684,186,0,34,7,7,443.0
2020-12-29,desktop,referral,312,52,18,8,3,3,430.0
2021-01-17,mobile,organic,411,73,16,2,1,1,11.0
2021-01-21,desktop,(none),618,192,42,14,6,6,545.0
2020-11-10,mobile,referral,318,73,0,15,6,6,627.0
2020-12-08,desktop,referral,791,179,53,34,16,21,1045.0
2020-11-11,desktop,referral,389,106,0,26,13,13,683.0
2020-11-28,desktop,(none),503,112,42,23,8,9,687.0
2020-12-31,desktop,redacted,285,42,14,11,4,4,279.0
2020-11-24,mobile,redacted,372,89,0,20,10,12,1452.0
2021-01-30,mobile,redacted,228,46,7,5,2,3,70.0
2021-01-10,tablet,redacted,13,1,0,0,0,0,0.0
2020-12-18,desktop,organic,951,217,45,25,11,16,885.0
2021-01-15,desktop,(none),577,102,20,8,5,5,103.0
2020-12-25,desktop,(none),338,43,7,4,1,1,48.0
2020-12-24,tablet,(none),15,2,0,0,0,0,0.0
2021-01-24,desktop,referral,316,84,13,13,7,12,939.0
2020-12-30,desktop,redacted,355,68,13,5,4,5,524.0
2021-01-15,mobile,redacted,331,60,6,2,1,1,26.0
2020-12-03,desktop,(none),705,186,53,34,15,15,751.0
2020-11-22,mobile,redacted,201,61,0,8,4,4,642.0
2021-01-22,mobile,(none),380,100,15,9,6,6,301.0
2021-01-14,mobile,organic,576,103,27,11,8,10,323.0
2020-12-17,tablet,(none),31,6,2,1,1,1,15.0
2020-12-21,tablet,organic,39,9,2,2,2,2,116.0
2021-01-17,desktop,redacted,349,51,10,7,3,3,90.0
2020-11-30,mobile,(none),391,94,33,20,10,10,984.0
2020-11-11,mobile,(none),337,91,0,14,8,8,561.0
2020-11-15,mobile,(none),215,49,0,5,1,1,48.0
2021-01-28,mobile,organic,556,118,13,10,7,7,0.0
2020-12-30,mobile,redacted,231,44,12,5,3,3,77.0
2021-01-21,mobile,referral,329,95,14,7,2,2,258.0
2021-01-08,desktop,cpc,111,21,5,3,3,3,50.0
2020-11-14,desktop,(none),301,80,0,11,2,2,132.0
2021-01-03,mobile,referral,191,29,5,3,2,2,114.0
2020-12-26,mobile,organic,379,58,9,7,4,4,87.0
2020-12-21,desktop,organic,787,162,40,15,9,9,552.0
2020-12-15,mobile,cpc,88,16,2,1,1,1,6.0
2020-11-21,mobile,(none),273,65,0,10,3,3,290.0
2020-12-12,desktop,cpc,105,14,5,1,1,1,50.0
2020-12-02,tablet,organic,45,11,2,0,0,0,0.0
2020-12-24,desktop,cpc,76,14,5,2,2,2,68.0
2020-11-16,desktop,cpc,75,19,0,4,2,2,54.0
2020-11-12,mobile,cpc,45,8,0,2,1,1,162.0
2021-01-03,tablet,organic,21,3,0,0,0,0,0.0
2021-01-29,desktop,cpc,105,30,6,2,0,0,0.0
2020-12-23,tablet,(none),19,7,1,0,0,0,0.0
2021-01-19,tablet,organic,36,14,3,1,1,1,20.0
2020-12-16,tablet,redacted,28,8,2,1,1,1,100.0
2021-01-17,mobile,cpc,53,7,2,0,0,0,0.0
2020-12-04,tablet,organic,36,6,0,0,0,0,0.0
2020-11-09,tablet,organic,40,5,0,0,0,0,0.0
2021-01-31,tablet,(none),13,2,0,0,0,0,0.0
2020-11-20,tablet,organic,33,4,0,0,0,0,0.0
2020-12-10,tablet,redacted,25,5,0,1,1,1,21.0
2020-12-21,tablet,(none),22,5,2,2,1,1,71.0
2021-01-28,tablet,referral,18,6,1,0,0,0,0.0
2021-01-27,tablet,organic,43,7,3,0,0,0,0.0
2021-01-28,tablet,(none),16,7,1,1,1,1,0.0
2021-01-13,tablet,cpc,5,0,0,0,0,0,0.0
2021-01-12,tablet,(none),27,6,2,0,0,0,0.0
2020-11-26,desktop,redacted,536,128,42,24,6,6,166.0
2021-01-21,mobile,organic,662,199,21,11,5,5,290.0
2021-01-07,desktop,(none),619,112,20,6,5,6,211.0
2020-12-15,tablet,organic,36,7,3,1,0,0,0.0
2021-01-10,desktop,redacted,323,58,15,5,2,2,87.0
2020-12-03,desktop,cpc,144,27,8,4,1,1,50.0
2021-01-09,desktop,(none),430,68,16,6,1,3,322.0
2020-12-02,desktop,(none),654,178,65,31,11,12,390.0
2021-01-17,desktop,(none),416,69,10,7,0,0,0.0
2020-11-27,desktop,referral,410,104,44,25,14,14,1351.0
2021-01-04,tablet,organic,26,6,1,0,0,0,0.0
2020-12-26,mobile,referral,165,31,6,4,2,2,167.0
2020-12-11,desktop,redacted,708,167,59,35,21,21,1196.0
2020-12-20,mobile,cpc,61,8,0,0,0,0,0.0
2020-12-22,desktop,organic,752,169,33,17,7,7,234.0
2020-11-27,mobile,(none),382,70,25,18,10,10,610.0
2020-12-19,desktop,referral,320,55,7,5,1,1,22.0
2020-12-11,mobile,redacted,494,109,41,21,9,9,708.0
2021-01-01,mobile,organic,314,39,10,5,1,1,22.0
2020-12-26,desktop,organic,569,83,15,3,3,3,245.0
2020-12-02,mobile,organic,679,150,54,31,8,8,1153.0
2021-01-13,desktop,redacted,527,107,25,12,7,7,419.0
2020-12-02,desktop,organic,921,238,70,35,14,14,853.0
2020-12-02,mobile,cpc,75,21,9,5,2,2,138.0
2020-12-06,desktop,referral,355,92,31,24,7,8,613.0
2020-12-31,mobile,(none),248,32,9,3,1,1,18.0
2020-12-15,mobile,organic,765,166,50,28,15,17,1251.0
2020-11-27,desktop,redacted,511,99,43,35,20,21,1621.0
2021-01-17,mobile,referral,181,33,6,1,1,1,69.0
2021-01-20,tablet,organic,40,6,2,2,1,1,93.0
2021-01-19,mobile,redacted,350,85,23,8,4,4,177.0
2020-11-07,desktop,(none),306,71,0,17,4,4,203.0
2020-11-01,desktop,referral,290,67,0,18,4,0,252.0
2021-01-05,mobile,(none),437,63,13,2,1,1,24.0
2021-01-13,mobile,referral,306,61,9,5,3,3,240.0
2020-11-08,mobile,redacted,176,40,0,6,3,3,91.0
2020-11-06,desktop,redacted,389,99,0,21,3,3,145.0
2021-01-19,mobile,organic,560,126,24,12,6,6,397.0
2021-01-07,desktop,referral,406,72,19,5,1,1,8.0
2020-11-29,desktop,(none),426,90,33,14,4,4,523.0
2021-01-20,desktop,cpc,114,25,2,1,1,1,110.0
2020-11-22,mobile,organic,322,90,0,20,8,8,524.0
2021-01-24,mobile,organic,384,83,15,11,6,6,404.0
2020-12-10,desktop,cpc,160,30,7,4,1,1,18.0
2020-11-08,tablet,organic,10,2,0,0,0,0,0.0
2020-11-01,mobile,cpc,38,8,0,2,0,0,0.0
2020-12-16,desktop,cpc,155,23,7,2,2,2,313.0
2020-11-03,desktop,cpc,133,29,0,9,2,2,137.0
2020-12-06,mobile,cpc,69,6,1,0,0,0,0.0
2020-11-25,mobile,(none),410,110,7,17,5,6,544.0
2020-12-25,mobile,cpc,56,4,1,1,1,1,26.0
2020-12-06,tablet,referral,16,2,1,0,0,0,0.0
2021-01-25,desktop,cpc,104,31,4,1,1,1,162.0
2021-01-02,desktop,cpc,94,9,0,0,0,0,0.0
2020-11-12,tablet,cpc,4,0,0,0,0,0,0.0
2020-11-07,mobile,cpc,44,12,0,1,0,0,0.0
2020-12-24,mobile,cpc,65,7,3,0,0,0,0.0
2020-11-25,tablet,organic,33,12,1,3,0,0,0.0
2021-01-08,mobile,cpc,66,14,3,0,0,0,0.0
2020-11-16,tablet,(none),17,4,0,2,2,2,74.0
2020-11-08,tablet,referral,9,1,0,0,0,0,0.0
2021-01-29,tablet,referral,11,5,0,0,0,0,0.0
2020-11-28,tablet,organic,24,5,2,1,0,0,0.0
2021-01-04,tablet,(none),23,3,1,1,1,1,42.0
2020-11-09,tablet,(none),18,4,0,0,0,0,0.0
2020-11-18,tablet,organic,34,5,0,0,0,0,0.0
2021-01-11,tablet,(none),20,2,0,0,0,0,0.0
2020-12-22,tablet,(none),16,2,0,0,0,0,0.0
2020-11-16,tablet,cpc,4,2,0,0,0,0,0.0
2020-12-31,tablet,referral,12,1,0,0,0,0,0.0
2021-01-08,tablet,redacted,20,6,1,1,0,0,0.0
2020-12-07,mobile,organic,731,159,44,25,12,12,985.0
2020-11-02,desktop,(none),482,112,0,12,4,4,299.0
2021-01-13,desktop,organic,884,153,38,17,4,4,258.0
2020-11-10,mobile,(none),332,84,0,16,3,3,73.0
2020-11-16,desktop,referral,391,92,5,17,3,3,115.0
2020-12-04,mobile,organic,624,150,52,31,16,16,888.0
2021-01-12,mobile,referral,348,66,10,4,2,2,195.0
2020-12-10,desktop,(none),819,185,71,41,18,18,1802.0
2020-11-17,desktop,redacted,512,141,30,27,13,15,849.0
2021-01-19,desktop,redacted,463,87,14,9,6,6,417.0
2020-11-24,mobile,organic,576,137,0,19,7,9,1362.0
2021-01-06,mobile,redacted,459,72,18,4,2,2,117.0
2020-11-04,desktop,redacted,575,131,0,25,6,6,599.0
2020-11-04,desktop,organic,819,155,0,21,5,5,331.0
2021-01-22,desktop,organic,823,242,43,34,17,17,1078.0
2020-12-09,mobile,cpc,106,11,2,2,1,1,24.0
2021-01-01,tablet,redacted,13,2,0,0,0,0,0.0
2020-11-05,desktop,redacted,482,110,0,16,7,7,441.0
2021-01-11,desktop,organic,793,112,29,9,5,5,225.0
2020-12-01,desktop,organic,969,256,87,45,13,14,829.0
2020-11-13,desktop,organic,625,175,0,30,8,8,434.0
2020-12-06,desktop,(none),417,99,34,21,5,5,325.0
2021-01-07,mobile,cpc,83,13,5,0,0,0,0.0
2020-12-14,mobile,referral,381,78,30,22,11,12,976.0
2020-12-05,mobile,(none),335,73,22,19,8,8,502.0
2020-12-18,mobile,cpc,84,9,0,0,0,0,0.0
2020-12-24,mobile,redacted,238,38,8,8,5,5,139.0
2020-12-18,desktop,(none),676,136,46,19,14,27,1555.0
2021-01-23,mobile,redacted,276,71,11,6,3,3,207.0
2020-12-04,desktop,redacted,525,137,43,17,7,7,342.0
2021-01-31,mobile,organic,390,73,14,6,2,2,0.0
2021-01-27,desktop,(none),613,158,31,17,9,9,156.0
2021-01-29,mobile,redacted,324,73,21,11,8,8,0.0
2020-11-09,desktop,cpc,79,19,0,4,0,0,0.0
2020-12-01,desktop,referral,588,138,54,28,12,13,499.0
2020-11-28,mobile,referral,252,57,19,14,9,9,419.0
2020-12-16,desktop,organic,1063,242,52,25,13,21,2127.0
2020-12-16,desktop,(none),747,158,50,25,20,20,2216.0
2021-01-15,mobile,cpc,65,10,3,1,1,1,80.0
2021-01-04,desktop,redacted,383,51,10,3,2,2,154.0
2021-01-10,mobile,(none),294,46,8,3,2,2,135.0
2020-11-09,mobile,redacted,277,63,0,9,6,6,269.0
2020-12-06,desktop,redacted,400,92,30,14,5,5,427.0
2020-12-07,desktop,referral,564,117,30,20,11,11,888.0
2021-01-26,desktop,cpc,101,14,2,1,0,0,0.0
2020-11-28,desktop,redacted,409,87,39,24,8,9,649.0
2020-12-17,desktop,(none),725,155,47,18,9,10,451.0
2020-11-19,mobile,(none),365,84,1,13,5,5,1102.0
2020-12-28,desktop,cpc,93,15,6,2,1,1,22.0
2021-01-10,desktop,cpc,91,12,1,0,0,0,0.0
2020-11-08,desktop,redacted,268,64,0,18,5,5,796.0
2021-01-18,tablet,(none),23,3,0,0,0,0,0.0
2020-12-06,mobile,redacted,290,69,24,13,4,4,344.0
2020-11-29,tablet,(none),16,3,2,2,1,1,34.0
2021-01-20,tablet,redacted,15,7,0,0,0,0,0.0
2020-11-26,desktop,cpc,92,23,7,6,1,1,12.0
2021-01-18,mobile,cpc,57,13,4,2,0,0,0.0
2021-01-26,tablet,redacted,20,3,0,1,1,1,0.0
2021-01-30,tablet,organic,29,5,1,0,0,0,0.0
2021-01-23,tablet,cpc,4,4,0,0,0,0,0.0
2021-01-31,mobile,cpc,59,8,0,0,0,0,0.0
2020-11-26,tablet,redacted,22,7,2,1,0,0,0.0
2021-01-20,tablet,referral,13,4,0,0,0,0,0.0
2020-12-03,tablet,referral,27,8,5,3,1,1,13.0
2021-01-02,tablet,referral,9,2,0,0,0,0,0.0
2021-01-05,tablet,referral,20,7,0,0,0,0,0.0
2020-12-07,tablet,organic,34,4,2,1,1,1,46.0
2020-12-24,tablet,organic,18,6,1,1,1,1,76.0
2020-11-25,mobile,organic,578,139,10,28,10,12,1400.0
2021-01-20,mobile,referral,344,88,21,12,9,9,870.0
2020-12-09,mobile,organic,872,176,54,31,17,17,1408.0
2020-12-01,mobile,(none),449,128,47,24,12,14,538.0
2020-12-22,mobile,organic,544,126,29,9,4,4,260.0
2021-01-09,desktop,organic,679,117,14,5,3,3,303.0
2020-11-20,desktop,referral,433,111,1,11,4,4,442.0
2020-12-20,mobile,referral,198,35,13,4,2,2,107.0
2021-01-26,mobile,(none),343,94,15,14,7,7,245.0
2021-01-16,desktop,organic,613,94,19,8,3,3,164.0
2020-11-07,mobile,(none),238,62,0,10,2,2,144.0
2020-12-22,mobile,referral,280,71,20,6,6,6,271.0
2020-11-05,desktop,referral,405,94,0,15,5,5,329.0
2021-01-30,desktop,redacted,347,78,14,6,3,3,0.0
2020-11-23,desktop,referral,374,97,0,25,8,9,1418.0
2020-11-29,desktop,redacted,395,98,38,20,10,11,478.0
2020-12-29,mobile,referral,211,34,11,2,1,1,68.0
2020-11-19,mobile,organic,499,140,9,16,5,5,612.0
2020-12-04,mobile,redacted,401,113,47,18,6,6,271.0
2020-11-02,mobile,referral,263,57,0,9,6,3,482.0
2021-01-03,desktop,referral,262,38,4,3,2,2,318.0
2020-11-29,mobile,cpc,48,4,1,0,0,0,0.0
2021-01-02,desktop,redacted,325,64,16,9,2,2,377.0
2021-01-25,mobile,organic,563,138,23,11,8,8,362.0
2021-01-16,mobile,(none),316,53,11,4,2,2,81.0
2020-11-24,mobile,(none),389,103,0,18,10,11,923.0
2020-11-12,mobile,referral,293,83,0,19,9,10,483.0
2020-11-17,desktop,organic,767,212,40,23,9,12,718.0
2020-11-13,mobile,organic,434,108,0,28,8,8,1552.0
2020-12-06,tablet,(none),17,6,1,0,0,0,0.0
2020-11-20,desktop,(none),562,151,0,16,7,7,1264.0
2020-12-03,mobile,cpc,80,15,6,6,0,0,0.0
2020-12-01,mobile,redacted,433,102,39,20,10,10,1134.0
2020-12-28,desktop,referral,323,46,6,0,0,0,0.0
2021-01-18,mobile,(none),325,40,7,5,2,2,127.0
2020-12-07,mobile,referral,391,90,29,14,11,15,501.0
2021-01-17,mobile,(none),261,36,6,0,0,0,0.0
2020-11-07,desktop,organic,430,99,0,27,5,5,215.0
2021-01-29,desktop,redacted,435,94,18,9,1,1,0.0
2020-12-21,mobile,referral,283,58,18,7,3,5,128.0
2020-12-18,mobile,referral,338,69,30,8,4,10,779.0
2020-11-26,mobile,cpc,60,13,5,3,1,1,34.0
2021-01-10,tablet,organic,25,8,3,1,0,0,0.0
2020-11-20,tablet,(none),20,7,0,2,0,0,0.0
2021-01-07,tablet,(none),34,8,2,0,0,0,0.0
2021-01-16,desktop,cpc,67,12,3,2,1,1,0.0
2021-01-23,tablet,referral,9,2,1,0,0,0,0.0
2020-12-10,tablet,(none),32,2,0,0,0,0,0.0
2020-11-09,tablet,redacted,19,3,0,0,0,0,0.0
2021-01-09,tablet,organic,19,5,1,0,0,0,0.0
2021-01-24,tablet,(none),18,3,0,0,0,0,0.0
2020-11-14,tablet,referral,6,1,0,1,0,0,0.0
2021-01-31,tablet,organic,28,2,0,0,0,0,0.0
2020-11-16,mobile,cpc,59,18,0,3,1,1,38.0
2020-11-11,tablet,cpc,4,1,0,0,0,0,0.0
2020-11-07,tablet,organic,19,8,0,1,0,0,0.0
2020-12-30,tablet,(none),14,1,0,0,0,0,0.0
2020-11-13,mobile,cpc,43,7,0,1,0,0,0.0
2020-11-30,mobile,cpc,94,18,8,2,1,1,71.0
2020-11-14,tablet,organic,20,2,0,0,0,0,0.0
2020-12-30,tablet,referral,7,2,0,0,0,0,0.0
2020-12-07,tablet,referral,22,4,1,0,0,0,0.0
2021-01-25,tablet,organic,29,6,0,0,0,0,0.0
2020-11-30,tablet,redacted,17,4,2,1,1,1,7.0
2020-11-05,tablet,redacted,20,7,0,1,0,0,0.0
2020-11-20,tablet,referral,13,4,0,0,0,0,0.0
2020-11-16,desktop,(none),433,123,7,29,13,13,836.0
2021-01-28,desktop,organic,779,182,23,8,4,4,91.0
2021-01-28,desktop,redacted,511,137,34,14,12,12,0.0
2021-01-21,desktop,referral,479,153,37,22,11,12,992.0
2020-11-18,desktop,organic,793,197,34,15,3,5,227.0
2021-01-13,mobile,(none),447,72,17,6,3,3,66.0
2021-01-12,desktop,redacted,578,97,22,13,9,11,906.0
2021-01-29,mobile,organic,521,105,10,5,4,4,67.0
2020-12-16,desktop,referral,619,157,48,28,16,24,1422.0
2021-01-19,tablet,(none),23,3,0,0,0,0,0.0
2021-01-12,mobile,organic,669,116,21,12,5,8,366.0
2020-12-18,desktop,redacted,542,129,44,22,14,14,1114.0
2020-11-01,desktop,organic,546,109,0,16,2,0,95.0
2020-12-08,desktop,organic,1512,273,80,38,12,12,469.0
2020-12-23,desktop,referral,336,71,17,6,4,4,369.0
2020-11-08,mobile,(none),199,44,0,8,3,3,167.0
2020-11-19,desktop,(none),597,148,5,14,5,5,440.0
2020-11-05,desktop,(none),489,121,0,12,2,2,100.0
2020-12-16,mobile,organic,769,150,35,23,13,13,1046.0
2020-11-27,desktop,(none),519,114,35,23,9,9,544.0
2020-11-06,mobile,referral,244,64,0,13,4,4,257.0
2021-01-06,mobile,organic,840,102,19,6,2,2,170.0
2020-11-30,desktop,redacted,581,146,48,28,13,15,713.0
2021-01-26,mobile,organic,559,141,25,8,7,7,242.0
2020-11-14,mobile,cpc,48,9,0,1,0,0,0.0
2020-11-02,desktop,cpc,93,23,0,1,1,0,51.0
2020-12-07,desktop,redacted,694,170,47,35,17,24,1047.0
2020-12-27,desktop,organic,570,92,14,4,2,2,110.0
2020-12-10,desktop,redacted,759,195,64,33,19,21,1200.0
2020-11-17,mobile,referral,338,88,31,16,3,3,89.0
2020-11-16,mobile,organic,440,107,3,23,11,11,1159.0
2020-12-28,desktop,(none),478,78,27,13,7,8,533.0
2021-01-22,desktop,(none),556,156,27,17,7,7,481.0
2020-11-20,desktop,organic,774,204,0,26,8,8,1156.0
2021-01-04,desktop,(none),486,88,9,4,2,2,84.0
2020-12-12,desktop,(none),562,142,56,35,19,19,1360.0
2021-01-01,desktop,cpc,64,6,1,0,0,0,0.0
2021-01-28,mobile,referral,304,81,21,13,7,7,0.0
2020-12-10,desktop,organic,1128,256,76,45,21,25,1483.0
2021-01-27,desktop,cpc,110,18,3,1,1,1,0.0
2020-11-26,tablet,referral,21,5,3,0,0,0,0.0
2021-01-19,tablet,referral,17,7,3,2,2,2,157.0
2020-11-13,desktop,referral,350,84,0,24,11,11,752.0
2021-01-08,mobile,(none),419,56,17,6,4,4,376.0
2020-11-04,mobile,referral,316,68,0,8,3,3,84.0
2020-12-25,tablet,referral,8,2,1,0,0,0,0.0
2020-11-25,mobile,redacted,386,112,7,27,9,9,555.0
2020-12-23,desktop,redacted,429,107,44,14,7,13,944.0
2020-12-20,mobile,(none),306,47,6,2,1,1,22.0
2020-11-05,desktop,cpc,84,19,0,3,1,1,87.0
2020-12-23,desktop,organic,672,135,36,15,9,11,626.0
2020-11-02,desktop,redacted,483,98,0,19,7,6,2036.0
2021-01-20,mobile,redacted,393,111,18,16,12,12,457.0
2020-12-11,desktop,cpc,148,27,10,8,5,5,232.0
2021-01-03,desktop,organic,582,86,8,4,0,0,0.0
2020-12-22,desktop,cpc,100,25,4,2,0,0,0.0
2021-01-13,desktop,(none),628,93,21,5,2,3,110.0
2021-01-18,desktop,(none),470,67,16,4,1,1,32.0
2020-11-09,desktop,redacted,408,99,0,20,7,7,264.0
2020-12-04,mobile,cpc,73,19,7,2,1,1,40.0
2020-11-22,mobile,(none),255,64,0,12,2,2,262.0
2020-11-30,desktop,(none),578,152,59,33,13,15,1380.0
2020-11-07,mobile,redacted,204,52,0,8,2,2,145.0
2020-12-25,desktop,redacted,294,40,13,5,1,1,22.0
2021-01-12,desktop,cpc,113,17,1,1,0,0,0.0
2020-11-23,tablet,(none),22,2,0,0,0,0,0.0
2020-11-13,mobile,referral,231,51,0,6,1,1,38.0
2020-12-21,mobile,(none),385,84,18,9,6,8,428.0
2020-12-09,mobile,referral,427,91,36,22,8,9,792.0
2021-01-16,mobile,organic,460,74,14,9,6,7,293.0
2021-01-31,mobile,redacted,221,46,10,8,3,3,0.0
2020-11-02,mobile,cpc,77,19,0,4,1,0,28.0
2020-11-08,desktop,cpc,57,12,0,0,0,0,0.0
2020-11-14,mobile,(none),193,52,0,7,3,3,166.0
2021-01-09,mobile,cpc,55,7,1,1,0,0,0.0
2020-12-11,tablet,(none),24,4,1,1,1,1,56.0
2020-11-29,mobile,redacted,296,57,22,13,5,5,304.0
2020-12-29,desktop,cpc,89,15,1,0,0,0,0.0
2021-01-01,mobile,redacted,190,28,8,4,1,1,34.0
2020-12-09,tablet,cpc,9,1,0,0,0,0,0.0
2020-11-06,tablet,(none),20,2,0,0,0,0,0.0
2021-01-27,mobile,cpc,69,21,3,0,0,0,0.0
2021-01-23,desktop,cpc,83,19,0,0,0,0,0.0
2020-11-09,mobile,cpc,42,8,0,0,0,0,0.0
2020-12-13,tablet,organic,30,4,3,2,0,0,0.0
2021-01-25,tablet,referral,12,3,1,1,0,0,0.0
2021-01-26,mobile,cpc,85,24,3,3,1,1,26.0
2021-01-16,tablet,referral,15,2,0,0,0,0,0.0
2020-12-29,tablet,organic,34,11,2,1,1,1,16.0
2020-11-27,tablet,organic,27,5,4,4,1,1,73.0
2021-01-21,tablet,organic,41,10,2,1,0,0,0.0
2021-01-06,tablet,redacted,31,4,2,1,1,1,63.0
2020-12-11,tablet,redacted,26,5,3,0,0,0,0.0
2021-01-12,tablet,cpc,4,0,0,0,0,0,0.0
2020-11-02,tablet,referral,10,4,0,0,0,0,0.0
2021-01-05,desktop,cpc,116,21,4,0,0,0,0.0
2020-12-24,tablet,referral,6,0,0,0,0,0,0.0
2021-01-28,tablet,organic,26,6,1,1,0,0,0.0
2021-01-02,tablet,organic,24,7,2,2,1,1,42.0
2020-11-02,tablet,cpc,6,3,0,1,0,0,0.0
2020-11-24,tablet,cpc,3,2,0,0,0,0,0.0
2021-01-17,tablet,organic,26,9,3,0,0,0,0.0
2021-01-17,tablet,referral,11,2,1,0,0,0,0.0
2020-11-19,tablet,(none),23,4,0,1,0,0,0.0
2020-12-26,tablet,(none),15,2,0,0,0,0,0.0
2021-01-21,tablet,redacted,22,4,2,1,0,0,0.0
2021-01-30,desktop,(none),397,85,19,10,6,6,17.0
2020-12-13,desktop,organic,774,152,61,28,12,12,1179.0
2020-12-23,desktop,cpc,72,11,1,1,1,1,17.0
2020-11-03,desktop,organic,1069,205,0,23,5,5,276.0
2020-12-09,desktop,(none),821,164,55,29,18,20,1463.0
2020-11-17,desktop,(none),513,143,32,23,13,14,1330.0
2021-01-07,desktop,organic,1003,168,37,12,7,7,574.0
2021-01-25,mobile,redacted,315,72,13,9,6,6,217.0
2020-12-16,tablet,cpc,8,2,2,2,0,0,0.0
2020-12-29,mobile,(none),334,42,7,2,1,1,13.0
2020-12-12,mobile,(none),353,87,35,19,8,8,422.0
2020-12-11,mobile,organic,747,166,51,33,19,20,1706.0
2020-11-22,desktop,(none),364,94,0,13,3,4,516.0
2020-12-03,desktop,redacted,611,163,49,28,15,16,619.0
2021-01-20,desktop,(none),654,143,27,16,9,9,386.0
2020-12-14,desktop,(none),719,149,42,24,8,8,516.0
2020-12-01,mobile,organic,667,176,60,19,8,8,437.0
2020-11-21,mobile,referral,203,59,0,10,3,3,152.0
2020-11-11,mobile,redacted,314,87,0,16,6,6,1203.0
2020-12-03,desktop,referral,572,151,43,20,8,8,486.0
2020-12-10,desktop,referral,662,180,61,33,17,17,1036.0
2020-12-18,mobile,(none),452,96,26,11,6,7,382.0
2021-01-14,desktop,organic,897,164,32,14,5,5,225.0
2020-12-02,mobile,redacted,359,95,40,25,10,14,899.0
2020-12-11,desktop,(none),756,187,65,34,18,19,1457.0
2020-12-03,mobile,organic,728,192,63,35,7,7,275.0
2020-12-12,tablet,organic,40,7,1,1,1,1,0.0
2020-11-11,mobile,referral,261,61,0,7,1,1,309.0
2021-01-05,desktop,referral,425,69,26,13,3,3,91.0
2020-12-14,desktop,referral,500,113,39,19,9,9,993.0
2021-01-19,desktop,(none),550,99,26,14,8,9,168.0
2020-11-18,mobile,redacted,334,76,12,10,4,4,309.0
2020-11-24,tablet,organic,28,11,0,3,0,0,0.0
2020-11-15,desktop,referral,243,55,0,13,4,4,156.0
2020-11-01,mobile,referral,176,27,1,6,0,0,0.0
2021-01-10,desktop,organic,618,80,10,4,1,1,214.0
2020-12-20,desktop,(none),442,81,22,7,1,1,55.0
2020-12-11,mobile,cpc,107,25,6,3,2,2,200.0
2021-01-06,mobile,referral,380,53,9,6,4,4,133.0
2020-12-30,desktop,(none),438,54,9,2,1,1,6.0
2020-12-25,desktop,organic,545,78,13,7,4,4,199.0
2021-01-27,desktop,referral,485,120,23,7,2,2,0.0
2021-01-14,mobile,(none),419,76,19,10,3,4,1005.0
2020-12-26,mobile,redacted,209,30,6,4,3,3,145.0
2020-11-03,tablet,organic,38,6,0,1,0,0,0.0
2021-01-04,desktop,referral,326,37,10,3,1,1,45.0
2020-12-22,desktop,redacted,476,123,33,14,9,10,623.0
2021-01-20,mobile,(none),439,108,24,14,9,10,1101.0
2020-12-21,desktop,(none),504,109,29,17,11,11,596.0
2020-11-15,desktop,redacted,259,46,0,13,2,2,140.0
2020-12-04,mobile,(none),435,100,26,14,4,4,394.0
2021-01-31,mobile,referral,208,47,6,5,1,1,0.0
2020-11-26,desktop,referral,427,90,24,25,6,6,687.0
2020-12-24,mobile,(none),255,42,6,4,2,2,64.0
2020-12-13,mobile,redacted,293,62,28,17,9,12,471.0
2021-01-21,mobile,cpc,87,27,5,1,1,1,16.0
2021-01-15,mobile,(none),352,62,15,8,5,5,153.0
2020-11-06,tablet,referral,9,2,0,0,0,0,0.0
2021-01-14,mobile,cpc,77,10,1,0,0,0,0.0
2020-12-15,desktop,redacted,684,143,46,21,11,12,883.0
2020-12-07,mobile,redacted,443,97,32,19,9,9,465.0
2020-12-13,desktop,cpc,95,14,5,3,0,0,0.0
2020-11-26,mobile,referral,263,61,20,15,4,5,170.0
2021-01-05,desktop,redacted,504,77,19,4,3,3,34.0
2021-01-25,mobile,cpc,64,20,0,3,3,3,69.0
2020-12-30,mobile,(none),303,51,14,4,2,2,26.0
2020-12-08,tablet,(none),45,9,4,1,0,0,0.0
2021-01-26,desktop,organic,812,191,24,14,6,6,100.0
2021-01-25,mobile,(none),338,84,12,6,4,4,91.0
2021-01-23,tablet,(none),13,3,1,2,2,2,142.0
2020-11-30,tablet,(none),20,4,0,1,0,0,0.0
2021-01-26,tablet,referral,12,4,0,0,0,0,0.0
2021-01-04,mobile,cpc,63,11,1,1,1,1,13.0
2020-12-04,tablet,(none),28,7,3,1,1,1,76.0
2020-11-05,tablet,organic,29,8,0,1,0,0,0.0
2021-01-17,desktop,cpc,70,5,1,0,0,0,0.0
2020-12-14,mobile,cpc,84,13,6,4,1,1,133.0
2021-01-14,tablet,referral,18,4,0,0,0,0,0.0
2020-12-29,tablet,(none),16,2,0,0,0,0,0.0
2020-12-28,tablet,(none),13,1,1,1,1,1,30.0
2021-01-21,tablet,(none),28,6,1,0,0,0,0.0
2020-12-09,tablet,redacted,35,5,3,1,0,0,0.0
2021-01-08,tablet,(none),28,3,1,1,0,0,0.0
2021-01-29,tablet,redacted,17,4,0,0,0,0,0.0
2021-01-16,tablet,redacted,20,2,1,0,0,0,0.0
2021-01-13,tablet,(none),25,3,1,0,0,0,0.0
2020-11-03,tablet,cpc,4,0,0,0,0,0,0.0
2021-01-10,tablet,cpc,7,2,1,0,0,0,0.0
2020-12-12,tablet,redacted,14,3,0,0,0,0,0.0
2020-11-29,tablet,referral,11,3,2,1,1,1,243.0
2021-01-19,mobile,referral,326,61,11,5,4,4,1321.0
2020-11-26,mobile,redacted,361,83,30,12,5,5,595.0
2020-11-27,mobile,organic,527,112,47,15,6,7,652.0
2021-01-16,desktop,(none),440,77,22,11,2,2,79.0
2020-12-06,tablet,organic,27,4,1,0,0,0,0.0
2020-12-30,mobile,cpc,44,3,1,0,0,0,0.0
2020-12-21,desktop,redacted,487,104,22,10,4,4,141.0
2020-11-23,desktop,(none),557,120,0,20,7,7,582.0
2020-11-23,mobile,organic,515,119,0,16,6,6,596.0
2020-12-02,mobile,(none),404,101,23,12,3,3,149.0
2020-11-23,desktop,redacted,468,114,0,21,8,9,918.0
2020-12-07,desktop,(none),751,173,67,37,15,18,1705.0
2020-11-22,desktop,redacted,329,85,0,11,4,4,690.0
2021-01-15,desktop,organic,777,132,27,13,6,6,208.0
2020-11-26,desktop,(none),527,108,35,20,4,4,266.0
2020-12-17,desktop,redacted,649,152,48,23,14,20,779.0
2020-12-11,desktop,organic,1072,239,64,41,25,26,1278.0
2020-12-12,desktop,redacted,516,104,35,28,19,22,1155.0
2021-01-23,mobile,referral,241,63,12,8,4,4,131.0
2021-01-11,mobile,organic,567,96,23,5,1,1,158.0
2020-11-16,desktop,organic,669,163,8,20,8,8,359.0
2020-12-20,tablet,(none),17,2,0,0,0,0,0.0
2021-01-23,mobile,organic,398,86,9,6,3,3,222.0
2020-11-08,desktop,referral,240,44,0,9,3,3,884.0
2020-11-23,desktop,cpc,94,19,0,2,1,1,26.0
2020-11-20,mobile,(none),403,99,1,21,6,6,562.0
2020-12-21,tablet,redacted,17,2,0,0,0,0,0.0
2021-01-08,mobile,referral,284,51,13,4,3,3,92.0
2021-01-31,desktop,cpc,91,19,1,1,0,0,0.0
2021-01-27,mobile,(none),384,101,27,14,5,5,19.0
2020-11-24,tablet,referral,24,2,0,0,0,0,0.0
2021-01-25,desktop,redacted,481,122,24,13,6,6,388.0
2020-11-21,desktop,redacted,396,98,0,16,5,5,436.0
2020-12-16,mobile,referral,368,87,25,12,8,12,835.0
2020-11-23,mobile,redacted,362,95,0,18,8,13,1006.0
2021-01-06,desktop,organic,1251,165,40,14,3,4,391.0
2020-11-23,desktop,organic,784,204,0,32,9,12,1130.0
2021-01-03,mobile,redacted,222,36,5,4,3,3,78.0
2020-11-09,desktop,organic,615,144,0,20,6,6,364.0
2020-12-10,mobile,cpc,102,22,5,2,0,0,0.0
2021-01-15,mobile,referral,269,52,18,6,1,1,78.0
2021-01-30,desktop,referral,303,51,9,3,2,2,16.0
2020-11-11,desktop,redacted,499,125,0,21,10,10,563.0
2020-12-28,mobile,referral,235,41,12,3,3,3,142.0
2020-11-15,mobile,cpc,42,9,0,0,0,0,0.0
2021-01-03,mobile,(none),242,42,2,2,1,1,14.0
2021-01-13,mobile,organic,636,99,27,17,4,4,194.0
2020-11-20,mobile,referral,314,83,0,15,8,8,1604.0
2020-12-03,mobile,(none),439,110,41,18,5,5,320.0
2020-11-15,mobile,organic,291,69,0,24,3,3,154.0
2021-01-28,mobile,cpc,73,16,5,4,1,1,0.0
2020-11-09,mobile,organic,422,103,0,18,5,5,409.0
2020-12-11,tablet,referral,25,5,3,0,0,0,0.0
2020-11-30,mobile,redacted,385,109,43,21,13,16,1615.0
2020-12-15,mobile,redacted,491,105,44,19,14,14,820.0
2020-12-28,mobile,(none),296,40,7,3,1,1,166.0
2020-12-07,desktop,organic,1041,238,65,25,7,9,2486.0
2020-12-22,mobile,redacted,341,99,28,10,7,7,347.0
2020-11-01,mobile,organic,357,77,0,9,0,0,0.0
2020-12-05,desktop,cpc,108,27,10,4,1,1,307.0
2021-01-16,mobile,referral,224,42,7,4,2,2,219.0
2020-11-04,tablet,organic,43,5,0,0,0,0,0.0
2021-01-26,mobile,referral,282,76,7,6,5,5,92.0
2020-12-14,mobile,organic,700,130,49,22,12,14,858.0
2020-12-12,desktop,referral,458,100,28,20,9,11,753.0
2021-01-29,mobile,cpc,49,12,3,1,0,0,0.0
2021-01-02,mobile,referral,172,19,3,3,3,3,202.0
2020-12-15,mobile,referral,431,101,34,9,6,6,247.0
2020-11-20,desktop,cpc,95,33,0,3,2,2,268.0
2021-01-01,mobile,(none),221,36,9,5,4,4,205.0
2020-12-19,mobile,redacted,292,61,21,7,4,5,392.0
2021-01-30,mobile,organic,397,88,11,4,2,2,0.0
2020-12-04,tablet,redacted,23,5,1,1,1,1,32.0
2020-11-12,tablet,organic,19,3,0,0,0,0,0.0
2020-11-17,tablet,referral,17,3,1,0,0,0,0.0
2020-12-17,mobile,cpc,98,21,3,1,1,1,30.0
2020-11-04,mobile,cpc,67,16,0,2,0,0,0.0
2021-01-22,desktop,cpc,123,39,10,9,7,7,396.0
2020-12-19,desktop,cpc,100,26,7,4,2,2,83.0
2020-12-14,tablet,redacted,28,1,0,0,0,0,0.0
2020-11-06,mobile,cpc,44,10,0,0,0,0,0.0
2020-11-28,tablet,referral,16,2,0,1,1,1,0.0
2020-11-11,tablet,referral,15,3,0,0,0,0,0.0
2021-01-15,desktop,cpc,92,20,5,1,0,0,0.0
2020-12-10,tablet,referral,24,4,1,1,0,0,0.0
2020-11-27,desktop,cpc,96,27,13,7,2,2,186.0
2021-01-06,tablet,organic,37,3,1,0,0,0,0.0
2020-11-27,tablet,(none),23,6,1,0,0,0,0.0
2020-11-25,tablet,referral,20,6,0,0,0,0,0.0
2020-11-12,desktop,cpc,84,19,0,3,0,0,0.0
2021-01-27,tablet,(none),22,4,1,0,0,0,0.0
2020-11-22,tablet,(none),13,0,0,0,0,0,0.0
2021-01-22,tablet,cpc,3,1,1,0,0,0,0.0
2021-01-30,mobile,cpc,48,9,1,0,0,0,0.0
2020-11-16,tablet,redacted,17,5,0,2,1,1,22.0
2020-12-17,tablet,redacted,22,4,2,0,0,0,0.0
2020-12-28,tablet,cpc,5,0,0,0,0,0,0.0
2020-12-05,tablet,organic,22,7,3,3,2,2,121.0
2021-01-14,tablet,redacted,22,4,2,0,0,0,0.0
2021-01-21,tablet,cpc,3,1,0,0,0,0,0.0
2021-01-02,desktop,organic,589,85,8,6,3,3,236.0
2021-01-06,desktop,redacted,700,96,23,11,3,3,204.0
2020-11-24,mobile,referral,350,104,0,23,11,11,584.0
2021-01-07,desktop,redacted,546,86,26,9,5,5,178.0
2020-12-23,mobile,redacted,289,50,14,12,9,11,460.0
2021-01-15,desktop,redacted,455,73,24,10,5,6,264.0
2020-12-09,desktop,organic,1246,262,89,57,30,32,2357.0
2020-11-06,desktop,(none),427,110,0,16,7,7,707.0
2020-11-28,mobile,organic,482,101,33,18,9,9,981.0
2020-11-10,desktop,(none),517,131,0,29,13,13,1100.0
2021-01-31,mobile,(none),264,54,12,2,0,0,0.0
2020-12-29,tablet,referral,20,5,2,0,0,0,0.0
2021-01-21,mobile,(none),417,122,17,5,3,3,521.0
2020-12-24,mobile,organic,399,73,18,5,1,1,26.0
2020-11-09,desktop,(none),474,116,0,24,6,6,183.0
2020-11-08,mobile,referral,168,51,0,11,4,4,482.0
2020-12-27,mobile,organic,384,60,18,6,3,3,88.0
2021-01-04,mobile,referral,223,42,9,0,0,0,0.0
2020-12-29,mobile,redacted,280,41,12,4,2,2,105.0
2020-11-21,desktop,(none),436,90,0,12,2,2,98.0
2020-11-02,mobile,organic,510,104,0,18,3,3,268.0
2020-11-22,mobile,referral,175,41,0,5,1,1,36.0
2021-01-18,mobile,referral,254,41,9,7,2,2,135.0
2021-01-11,mobile,cpc,72,12,2,1,0,0,0.0
2020-11-04,desktop,(none),584,114,0,15,4,4,180.0
2021-01-09,desktop,referral,318,53,9,6,2,2,111.0
2020-12-05,desktop,referral,336,84,32,18,8,8,738.0
2020-11-26,mobile,organic,577,124,34,24,11,11,1545.0
2021-01-11,mobile,referral,282,53,13,4,1,1,19.0
2020-11-16,desktop,redacted,475,108,6,18,10,10,998.0
2021-01-29,desktop,(none),525,131,25,15,9,9,5.0
2020-12-01,tablet,(none),24,7,2,1,1,1,62.0
2020-12-07,mobile,(none),503,107,36,16,5,6,307.0
2021-01-28,desktop,referral,463,109,19,7,4,4,0.0
2020-11-25,mobile,cpc,73,16,1,4,1,1,26.0
2021-01-14,mobile,referral,324,68,20,11,7,7,323.0
2021-01-22,desktop,referral,429,112,21,17,10,18,888.0
2020-12-31,desktop,cpc,70,12,4,2,1,1,27.0
2020-12-01,mobile,cpc,94,26,12,3,1,1,11.0
2020-12-26,desktop,cpc,77,8,3,0,0,0,0.0
2020-11-02,mobile,redacted,312,61,0,8,2,2,294.0
2020-12-22,tablet,redacted,14,3,1,1,1,1,42.0
2020-11-10,tablet,redacted,24,5,0,1,0,0,0.0
2020-12-08,desktop,cpc,184,25,13,7,4,4,167.0
2020-12-09,mobile,(none),558,118,43,23,10,10,777.0
2021-01-11,desktop,cpc,86,19,4,3,2,2,159.0
2020-12-04,desktop,cpc,126,34,9,5,2,2,55.0
2020-12-31,mobile,cpc,42,6,2,0,0,0,0.0
2020-11-04,tablet,redacted,23,4,0,0,0,0,0.0
2021-01-02,tablet,(none),11,1,0,0,0,0,0.0
2021-01-12,tablet,redacted,20,4,0,0,0,0,0.0
2020-12-06,desktop,cpc,80,14,6,1,0,0,0.0
2021-01-13,tablet,redacted,19,2,0,0,0,0,0.0
2020-11-25,tablet,cpc,4,1,0,0,0,0,0.0
2021-01-14,tablet,organic,36,8,3,0,0,0,0.0
2020-11-19,tablet,cpc,6,1,0,0,0,0,0.0
2020-12-21,mobile,cpc,54,6,1,1,1,1,14.0
2021-01-11,tablet,redacted,19,5,2,2,1,1,13.0
2020-12-09,tablet,referral,37,8,4,4,3,3,133.0
2021-01-31,tablet,redacted,12,3,1,1,1,1,0.0
2020-12-30,tablet,redacted,19,6,1,0,0,0,0.0
2021-01-22,tablet,organic,20,4,0,0,0,0,0.0
2020-11-24,tablet,redacted,14,4,0,1,1,1,60.0
2021-01-02,tablet,redacted,10,3,0,0,0,0,0.0
2021-01-19,tablet,redacted,23,5,1,1,1,1,88.0
2020-11-17,tablet,redacted,19,5,2,1,0,0,0.0
2020-12-30,tablet,cpc,6,2,0,0,0,0,0.0
2021-01-24,tablet,referral,13,5,1,0,0,0,0.0
2020-12-02,tablet,cpc,4,0,0,0,0,0,0.0
2021-01-22,tablet,redacted,21,6,0,0,0,0,0.0
2021-01-07,tablet,cpc,6,4,0,1,0,0,0.0
2021-01-30,tablet,(none),17,4,2,0,0,0,0.0
2020-12-17,tablet,cpc,6,1,0,0,0,0,0.0
2021-01-23,desktop,redacted,370,94,21,12,7,7,764.0
2020-12-05,mobile,cpc,62,8,2,1,0,0,0.0
2020-12-23,mobile,organic,490,88,24,14,8,11,372.0
2020-11-04,mobile,redacted,359,76,0,8,1,1,37.0
2020-11-07,mobile,organic,293,86,0,16,6,6,1147.0
2020-11-06,mobile,(none),313,84,0,14,4,4,231.0
2020-12-08,desktop,redacted,918,174,55,33,16,19,1143.0
2020-11-01,desktop,(none),347,69,0,12,2,0,159.0
2020-12-10,mobile,referral,429,102,35,24,13,17,844.0
2021-01-08,mobile,redacted,317,48,11,6,3,3,173.0
2020-11-26,desktop,organic,790,160,58,39,12,12,662.0
2020-12-26,mobile,(none),265,41,7,2,2,2,69.0
2020-11-21,mobile,cpc,59,21,0,5,4,4,302.0
2021-01-20,desktop,organic,949,250,52,29,18,18,1234.0
2020-11-05,mobile,referral,286,61,0,14,3,3,155.0
2020-11-18,desktop,(none),566,144,28,23,9,12,986.0
2020-12-24,mobile,referral,193,32,9,4,2,2,139.0
2020-11-03,mobile,redacted,437,90,0,14,7,7,302.0
2020-12-14,mobile,redacted,414,97,40,21,15,16,931.0
2020-12-15,mobile,(none),488,114,41,22,12,15,916.0
2020-12-21,mobile,redacted,337,64,18,6,3,3,129.0
2020-11-14,mobile,organic,327,73,0,13,1,1,146.0
2020-11-12,mobile,organic,484,119,0,24,4,4,187.0
2020-11-03,desktop,referral,529,112,0,16,6,6,233.0
2021-01-19,desktop,organic,865,170,34,19,7,7,343.0
2021-01-23,mobile,cpc,60,8,1,0,0,0,0.0
2020-12-27,mobile,(none),233,36,11,5,1,1,196.0
2020-11-30,mobile,referral,318,90,38,25,14,17,1250.0
2020-11-14,desktop,referral,259,69,0,16,5,5,591.0
2020-11-10,desktop,organic,718,164,0,22,9,9,537.0
2021-01-07,mobile,redacted,371,58,14,7,1,1,50.0
2020-12-19,desktop,redacted,413,83,24,12,4,4,200.0
2020-12-26,desktop,(none),367,60,11,2,1,1,21.0
2020-12-04,mobile,referral,343,85,36,21,11,13,927.0
2020-12-24,desktop,redacted,322,48,10,5,5,6,403.0
2020-12-31,mobile,redacted,214,32,5,2,1,1,18.0
2020-12-22,mobile,(none),353,74,20,11,5,5,177.0
2020-11-04,mobile,organic,583,124,0,14,3,3,361.0
2020-12-19,desktop,(none),506,98,24,15,6,6,354.0
2020-11-21,desktop,organic,614,144,0,25,4,4,624.0
2020-11-06,mobile,redacted,290,76,0,14,2,2,60.0
2020-12-16,mobile,redacted,441,84,33,19,12,13,922.0
2021-01-10,desktop,(none),399,54,8,4,3,3,231.0
2020-11-12,desktop,(none),531,134,0,20,6,7,389.0
2020-12-11,mobile,(none),463,110,48,26,13,16,731.0
2021-01-02,desktop,(none),396,61,8,3,1,1,21.0
2020-11-25,desktop,redacted,593,167,15,36,15,19,1629.0
2020-12-27,mobile,referral,176,24,5,5,3,3,153.0
2020-12-05,mobile,referral,240,67,28,15,8,8,548.0
2020-12-26,tablet,redacted,12,1,0,0,0,0,0.0
2021-01-03,desktop,redacted,357,58,15,8,4,4,73.0
2021-01-31,desktop,referral,269,50,5,4,0,0,0.0
2020-12-14,desktop,redacted,557,113,45,19,10,10,1233.0
2020-12-28,mobile,cpc,54,6,2,0,0,0,0.0
2021-01-13,desktop,cpc,135,25,6,2,2,2,42.0
2021-01-05,mobile,cpc,76,13,5,2,1,2,27.0
2020-11-03,mobile,(none),497,87,0,15,6,6,347.0
2021-01-25,desktop,referral,389,97,13,12,11,13,639.0
2020-11-14,desktop,redacted,314,78,0,17,7,8,584.0
2020-12-28,mobile,organic,469,89,16,5,4,5,124.0
2021-01-05,mobile,referral,315,54,11,4,1,1,133.0
2020-12-04,tablet,referral,12,1,1,0,0,0,0.0
2020-11-17,mobile,(none),393,97,16,18,7,9,702.0
2020-12-11,tablet,organic,41,9,3,3,0,0,0.0
2020-11-13,tablet,organic,33,11,0,3,0,0,0.0
2020-11-19,mobile,redacted,346,84,5,11,5,6,1183.0
2020-12-30,mobile,referral,220,45,6,3,1,2,93.0
2020-12-03,mobile,referral,342,102,23,19,10,12,538.0
2021-01-15,tablet,referral,14,2,1,1,1,1,15.0
2020-12-03,tablet,redacted,28,9,2,2,1,1,0.0
2020-12-12,tablet,referral,16,2,0,0,0,0,0.0
2021-01-15,tablet,organic,32,8,0,0,0,0,0.0
2020-11-15,mobile,referral,149,32,0,4,2,2,82.0
2021-01-28,desktop,cpc,96,25,4,2,0,0,0.0
2020-11-20,mobile,cpc,68,20,0,3,1,1,0.0
2020-11-01,tablet,redacted,15,1,0,0,0,0,0.0
2020-11-12,tablet,referral,14,5,0,0,0,0,0.0
2020-11-11,tablet,organic,35,7,0,1,0,0,0.0
2020-12-07,tablet,redacted,19,4,2,1,0,0,0.0
2020-11-16,tablet,referral,14,3,0,0,0,0,0.0
2020-11-18,mobile,cpc,69,18,6,4,1,1,144.0
2021-01-08,tablet,cpc,6,0,0,0,0,0,0.0
2021-01-07,tablet,referral,23,5,0,0,0,0,0.0
2020-12-20,tablet,redacted,16,5,2,0,0,0,0.0
2021-01-26,tablet,organic,33,11,1,0,0,0,0.0
2020-11-15,tablet,organic,14,0,0,0,0,0,0.0
2021-01-04,tablet,referral,12,5,2,0,0,0,0.0
2021-01-16,tablet,organic,29,3,0,0,0,0,0.0
2020-12-15,tablet,(none),34,10,5,3,1,1,32.0
2020-11-05,tablet,(none),22,6,0,1,1,1,120.0
2020-12-02,tablet,referral,16,2,1,1,1,1,114.0
2020-12-20,tablet,referral,10,1,0,0,0,0,0.0
2021-01-12,desktop,referral,445,91,23,7,5,5,126.0
2020-11-25,desktop,(none),617,158,7,28,10,10,1271.0
2020-12-17,mobile,organic,734,176,55,23,13,14,753.0
2020-12-17,desktop,referral,544,131,33,16,10,18,737.0
2021-01-03,mobile,organic,389,57,9,3,1,1,0.0
2021-01-05,mobile,organic,685,92,20,6,4,4,252.0
2021-01-14,desktop,referral,410,99,26,10,8,8,418.0
2021-01-01,desktop,referral,202,31,4,0,0,0,0.0
2020-12-25,desktop,referral,286,35,10,4,1,1,19.0
2021-01-04,tablet,redacted,18,4,0,0,0,0,0.0
2020-11-12,desktop,referral,400,107,0,20,11,11,668.0
2021-01-10,mobile,referral,187,33,7,1,0,0,0.0
2020-12-09,mobile,redacted,509,92,28,16,9,10,902.0
2020-11-18,mobile,organic,561,140,28,23,8,10,1080.0
2020-12-26,desktop,redacted,307,49,12,1,0,0,0.0
2020-11-18,mobile,(none),389,93,25,22,7,7,358.0
2020-11-13,desktop,redacted,402,102,0,33,15,19,1174.0
2020-11-19,desktop,redacted,517,131,9,18,6,6,432.0
2020-11-10,desktop,referral,414,109,0,19,5,5,204.0
2020-12-13,desktop,(none),514,101,35,12,5,5,268.0
2021-01-16,mobile,redacted,262,52,16,4,3,4,357.0
2020-11-10,mobile,redacted,322,71,0,20,10,10,448.0
2020-11-03,desktop,redacted,635,128,0,16,10,10,912.0
2020-12-16,mobile,(none),505,107,37,18,12,13,671.0
2020-11-22,desktop,cpc,67,15,0,2,0,0,0.0
2020-11-06,tablet,organic,28,11,0,1,1,1,199.0
2021-01-08,desktop,referral,422,70,19,10,2,2,272.0
2021-01-08,desktop,(none),568,82,20,12,9,9,337.0
2020-11-02,desktop,referral,418,95,0,15,5,5,550.0
2021-01-14,desktop,redacted,501,104,24,10,7,8,391.0
2021-01-10,mobile,redacted,283,40,5,4,2,2,40.0
2020-12-28,desktop,organic,682,111,28,13,8,9,800.0
2020-12-04,desktop,(none),644,164,39,24,7,8,325.0
2020-11-20,mobile,organic,568,155,1,29,11,11,1224.0
2020-11-21,tablet,redacted,20,5,0,1,0,0,0.0
2020-12-01,mobile,referral,331,81,26,17,9,10,771.0
2021-01-26,desktop,referral,417,90,18,9,5,5,286.0
2020-12-27,desktop,(none),366,57,12,3,2,2,43.0
2020-11-20,mobile,redacted,342,98,0,16,6,7,920.0
2020-12-29,desktop,(none),478,83,22,10,5,7,408.0
2020-11-09,mobile,referral,228,66,0,10,3,3,156.0
2020-12-08,mobile,referral,513,100,34,20,11,11,802.0
2020-11-08,desktop,organic,441,99,0,19,4,4,683.0
2020-11-14,mobile,redacted,203,41,0,12,4,4,305.0
2021-01-03,mobile,cpc,48,8,1,0,0,0,0.0
2020-12-18,desktop,cpc,102,18,4,4,2,2,134.0
2020-11-08,mobile,organic,268,64,0,16,5,5,152.0
2020-11-01,mobile,(none),265,62,0,11,3,0,173.0
2021-01-18,tablet,organic,20,2,1,0,0,0,0.0
2020-12-25,tablet,redacted,14,3,0,1,0,0,0.0
2020-12-14,tablet,referral,23,5,2,0,0,0,0.0
2021-01-21,tablet,referral,21,5,0,1,1,1,44.0
2020-12-30,desktop,cpc,85,17,2,0,0,0,0.0
2020-11-30,tablet,organic,49,7,1,1,0,0,0.0
2021-01-19,desktop,cpc,112,18,2,0,0,0,0.0
2021-01-14,desktop,cpc,108,22,7,0,0,0,0.0
2020-11-18,tablet,(none),21,2,0,0,0,0,0.0
2020-11-08,desktop,(none),271,57,0,10,2,2,321.0
2020-11-13,desktop,cpc,67,11,0,1,0,0,0.0
2020-11-18,desktop,cpc,82,19,2,5,2,2,67.0
2020-12-17,tablet,organic,26,6,1,1,0,0,0.0
2021-01-17,desktop,referral,295,42,13,5,2,2,48.0
2020-12-08,tablet,redacted,43,6,4,2,1,1,20.0
2021-01-09,mobile,referral,225,42,10,7,5,5,312.0
2020-11-27,mobile,referral,283,63,18,14,8,8,389.0
2020-12-27,tablet,organic,21,3,0,0,0,0,0.0
2020-11-13,mobile,redacted,290,77,0,21,12,12,815.0
2020-11-27,tablet,redacted,22,9,3,1,1,1,76.0
2020-12-13,mobile,cpc,68,13,6,3,1,1,95.0
2020-12-14,tablet,organic,41,7,3,2,1,1,105.0
2020-11-07,desktop,cpc,60,17,0,2,2,2,139.0
2020-11-18,tablet,redacted,20,5,0,0,0,0,0.0
2020-11-01,desktop,cpc,68,12,0,2,0,0,0.0
2021-01-03,tablet,(none),12,2,1,0,0,0,0.0
2020-11-03,tablet,redacted,23,3,0,0,0,0,0.0
2021-01-14,tablet,(none),23,8,0,0,0,0,0.0
2020-11-29,tablet,organic,20,3,0,0,0,0,0.0
2020-12-14,tablet,cpc,4,0,0,0,0,0,0.0
2020-12-15,desktop,(none),789,161,46,19,14,21,1854.0
2021-01-27,mobile,organic,610,155,22,12,5,7,206.0
2021-01-14,desktop,(none),605,117,33,12,6,7,236.0
2021-01-31,desktop,(none),370,82,19,13,7,7,0.0
2020-12-05,mobile,organic,507,108,28,14,8,10,888.0
2020-12-02,desktop,cpc,135,37,10,4,3,3,170.0
2020-11-03,mobile,organic,728,144,0,23,3,3,314.0
2020-11-14,desktop,organic,427,116,0,18,3,3,175.0
2020-11-14,desktop,cpc,54,10,0,2,0,0,0.0
2021-01-06,desktop,(none),821,117,25,10,5,7,334.0
2021-01-06,desktop,referral,607,84,24,6,3,3,343.0
2020-12-03,desktop,organic,1040,257,70,44,18,18,838.0
2021-01-26,desktop,redacted,521,120,18,12,6,6,82.0
2020-11-18,mobile,referral,312,84,18,9,4,4,185.0
2020-12-24,desktop,organic,554,75,10,2,1,1,99.0
2021-01-25,desktop,organic,775,175,24,12,8,8,259.0
2021-01-10,mobile,organic,432,61,13,4,2,2,116.0
2021-01-20,mobile,organic,658,158,28,11,7,7,631.0
2021-01-12,desktop,(none),624,117,21,9,6,6,293.0
2020-12-12,mobile,organic,551,108,37,18,8,9,391.0
2021-01-27,mobile,referral,338,90,29,20,11,11,5.0
2020-12-15,desktop,referral,612,155,49,28,20,21,1316.0
2020-11-06,desktop,referral,369,95,0,15,8,8,495.0
2020-12-28,desktop,redacted,389,61,15,4,4,4,215.0
2020-11-07,desktop,referral,239,66,0,14,3,3,339.0
2021-01-20,desktop,referral,476,131,29,17,12,12,669.0
2020-11-05,mobile,(none),351,77,0,13,3,3,160.0
2021-01-04,mobile,(none),287,38,7,2,1,1,92.0
2020-12-25,mobile,(none),237,32,5,3,3,3,69.0
2021-01-18,desktop,cpc,96,8,0,1,0,0,0.0
2020-12-19,mobile,(none),366,84,22,9,5,6,316.0
2020-12-25,mobile,redacted,201,37,15,6,2,2,54.0
2020-12-23,mobile,(none),322,67,18,11,6,7,627.0
2020-12-31,desktop,referral,253,42,17,7,5,7,1786.0
2021-01-29,desktop,organic,761,193,32,13,6,6,0.0
2020-12-27,desktop,referral,256,36,11,5,3,3,301.0
2020-11-25,mobile,referral,372,97,8,23,10,12,991.0
2020-11-05,mobile,redacted,338,71,0,13,3,3,382.0
2021-01-10,tablet,(none),11,3,0,0,0,0,0.0
2020-11-23,mobile,referral,286,58,0,12,5,5,484.0
2020-12-08,mobile,(none),676,131,48,28,12,12,1415.0
2021-01-11,tablet,referral,16,2,0,0,0,0,0.0
2021-01-23,desktop,organic,618,147,22,14,9,9,637.0
2021-01-31,tablet,referral,17,3,1,1,0,0,0.0
2021-01-01,mobile,cpc,38,1,0,0,0,0,0.0
2020-12-29,mobile,cpc,63,14,2,0,0,0,0.0
2020-11-24,desktop,cpc,100,24,0,6,2,2,38.0
2021-01-30,mobile,referral,206,38,10,5,4,4,28.0
2020-12-05,tablet,redacted,10,3,2,1,0,0,0.0
2021-01-02,mobile,(none),233,33,7,2,1,1,87.0
2020-11-07,mobile,referral,165,40,0,5,2,2,32.0
2020-12-21,mobile,organic,532,113,24,9,4,4,174.0
2020-11-25,desktop,cpc,113,35,1,3,0,0,0.0
2020-11-10,mobile,cpc,70,17,0,5,2,2,92.0
2020-11-11,tablet,(none),21,6,0,2,1,1,10.0
2020-11-25,tablet,redacted,24,7,1,2,1,1,61.0
2020-11-13,tablet,referral,16,4,0,1,0,0,0.0
2021-01-15,tablet,(none),20,5,0,1,0,0,0.0
2020-11-24,mobile,cpc,60,15,0,3,0,0,0.0
2020-11-02,tablet,redacted,16,4,0,1,1,0,56.0
2020-11-21,tablet,referral,11,3,0,0,0,0,0.0
2020-11-15,desktop,cpc,48,10,0,1,1,1,129.0
2020-11-06,desktop,cpc,91,19,0,3,1,1,24.0
2021-01-24,mobile,cpc,57,18,3,3,2,2,291.0
2020-11-02,tablet,(none),12,3,0,0,0,0,0.0
2020-12-30,tablet,organic,34,5,2,1,1,1,50.0
2020-11-27,mobile,cpc,82,20,8,4,3,3,76.0
2020-11-17,tablet,(none),18,3,0,2,0,0,0.0
2020-11-02,tablet,organic,27,7,0,0,0,0,0.0
2021-01-08,tablet,referral,23,3,0,0,0,0,0.0
2021-01-07,tablet,organic,36,5,1,1,0,0,0.0
2020-11-12,tablet,redacted,10,5,0,0,0,0,0.0
2020-11-18,tablet,cpc,3,0,0,0,0,0,0.0
2020-12-19,tablet,redacted,13,4,0,0,0,0,0.0
2020-12-13,tablet,referral,7,0,0,0,0,0,0.0
2021-01-15,mobile,organic,556,113,30,14,9,11,687.0
2020-11-02,desktop,organic,679,155,0,35,7,6,392.0
2021-01-10,desktop,referral,256,41,12,7,3,3,189.0
2021-01-22,desktop,redacted,493,145,27,16,10,10,540.0
2021-01-29,mobile,referral,260,59,8,7,3,3,0.0
2021-01-28,desktop,(none),609,151,30,11,7,7,14.0
2021-01-11,mobile,(none),368,63,13,3,3,3,247.0
2020-11-19,desktop,cpc,109,31,0,4,1,1,0.0
2021-01-13,desktop,referral,446,77,18,11,5,5,250.0
2020-11-25,desktop,organic,897,206,15,34,13,15,962.0
2020-12-19,desktop,organic,692,139,33,15,9,16,438.0
2020-11-11,mobile,organic,499,126,0,27,9,9,387.0
2020-11-24,desktop,organic,893,217,0,41,22,23,2622.0
2021-01-28,mobile,redacted,357,86,19,7,5,5,19.0
2020-12-20,mobile,organic,441,69,16,9,3,3,127.0
2021-01-13,mobile,redacted,396,64,17,10,5,5,279.0
2020-11-23,mobile,(none),373,77,0,13,6,6,1684.0
2021-01-11,desktop,redacted,489,88,16,9,2,2,125.0
2021-01-14,mobile,redacted,344,59,9,5,3,3,353.0
2020-12-18,tablet,redacted,22,6,3,1,0,0,0.0
2020-12-04,desktop,referral,481,120,44,22,11,13,1757.0
2021-01-11,mobile,redacted,331,64,19,5,2,2,103.0
2020-12-30,mobile,organic,460,70,23,6,4,4,68.0
2020-12-10,mobile,(none),521,103,26,18,10,11,1078.0
2021-01-16,desktop,redacted,346,59,15,5,2,2,26.0
2021-01-30,desktop,organic,548,119,20,13,5,5,0.0
2020-12-23,mobile,referral,249,59,18,7,5,5,257.0
2021-01-08,tablet,organic,37,5,1,1,1,1,0.0
2020-11-22,desktop,organic,567,131,0,24,3,4,230.0
2020-12-27,tablet,(none),13,3,1,1,1,1,48.0
2021-01-09,desktop,redacted,354,63,17,5,2,2,142.0
2021-01-18,desktop,redacted,452,74,18,5,2,2,59.0
2020-11-18,desktop,redacted,486,131,30,24,7,8,466.0
2020-11-01,mobile,redacted,211,48,0,9,1,0,34.0
2020-11-21,tablet,organic,28,10,0,1,1,1,322.0
2021-01-24,mobile,(none),254,52,12,9,5,5,257.0
2020-12-18,desktop,referral,489,123,40,17,7,7,491.0
2020-12-31,mobile,organic,372,50,12,4,2,2,42.0
2020-12-09,desktop,cpc,132,25,8,3,1,1,58.0
2021-01-25,mobile,referral,258,68,11,5,3,3,323.0
2020-12-18,mobile,organic,672,137,45,23,10,10,830.0
2021-01-16,desktop,referral,317,49,9,4,3,3,242.0
2020-12-14,tablet,(none),35,7,3,1,0,0,0.0
2021-01-01,desktop,redacted,267,33,4,4,1,2,72.0
2020-12-22,tablet,organic,29,11,2,1,0,0,0.0
2020-11-27,mobile,redacted,315,74,27,14,5,6,204.0
2020-12-09,tablet,organic,37,8,1,1,0,0,0.0
2020-12-08,tablet,organic,49,8,4,4,1,1,33.0
2021-01-24,desktop,cpc,85,11,0,0,0,0,0.0
2021-01-09,mobile,redacted,265,38,11,3,2,2,8.0
2021-01-02,mobile,cpc,43,6,1,0,0,0,0.0
2020-12-06,desktop,organic,620,138,47,23,6,7,434.0
2020-12-21,desktop,cpc,105,15,2,1,1,1,61.0
2020-12-12,mobile,referral,264,63,23,12,6,6,444.0
2020-11-19,tablet,organic,27,9,0,2,0,0,0.0
2020-12-24,desktop,referral,268,65,14,3,1,1,153.0
2020-11-26,mobile,(none),447,80,22,20,5,5,257.0
2020-12-19,tablet,organic,22,2,0,0,0,0,0.0
2020-12-16,tablet,referral,24,6,2,1,1,1,60.0
2020-12-29,tablet,redacted,14,1,1,0,0,0,0.0
2020-12-19,mobile,referral,270,56,14,8,4,6,344.0
2021-01-29,tablet,organic,36,11,0,1,1,1,0.0
2021-01-07,desktop,cpc,118,13,1,0,0,0,0.0
2020-12-27,desktop,redacted,294,48,15,7,4,4,155.0
2020-11-03,mobile,cpc,101,16,0,0,0,0,0.0
2020-12-09,tablet,(none),40,7,4,2,1,1,134.0
2020-12-16,tablet,(none),26,6,1,1,0,0,0.0
2020-12-05,tablet,(none),16,5,4,1,0,0,0.0
2021-01-22,mobile,cpc,72,19,5,3,1,1,24.0
2020-12-13,tablet,(none),18,4,0,0,0,0,0.0
2020-11-19,mobile,cpc,63,19,0,0,0,0,0.0
2020-12-08,tablet,referral,31,4,2,1,1,1,362.0
2020-12-25,tablet,(none),16,3,0,0,0,0,0.0
2020-12-20,desktop,cpc,76,6,2,0,0,0,0.0
2020-11-22,mobile,cpc,37,9,0,1,0,0,0.0
2020-12-24,tablet,redacted,20,2,1,1,1,1,25.0
2021-01-13,mobile,cpc,77,12,0,0,0,0,0.0
2020-12-31,tablet,cpc,6,0,0,0,0,0,0.0
2020-11-09,tablet,referral,14,1,0,0,0,0,0.0
2021-01-09,desktop,cpc,77,15,3,1,1,1,40.0
2020-11-21,tablet,(none),16,5,0,2,1,1,44.0
2021-01-11,tablet,organic,34,6,0,0,0,0,0.0
2020-11-20,tablet,cpc,1,0,0,0,0,0,0.0
2021-01-24,tablet,organic,23,3,1,0,0,0,0.0
2020-12-13,tablet,redacted,18,1,0,0,0,0,0.0
2021-01-09,tablet,(none),16,3,1,0,0,0,0.0
2020-11-28,mobile,cpc,51,8,4,3,1,1,0.0
2020-12-02,tablet,redacted,28,7,2,2,2,2,81.0
2020-12-31,tablet,(none),19,3,0,0,0,0,0.0
2020-12-02,desktop,referral,497,124,39,24,9,10,382.0
2021-01-08,desktop,organic,834,134,29,7,3,3,133.0
2021-01-04,desktop,organic,684,100,24,7,3,3,94.0
2021-01-22,mobile,referral,317,87,21,13,9,10,469.0
2020-11-18,desktop,referral,436,107,22,21,5,6,753.0
2020-12-06,mobile,(none),326,67,19,11,3,3,58.0
2020-11-11,desktop,organic,758,169,0,28,7,7,311.0
2020-12-16,desktop,redacted,664,138,38,25,16,18,1068.0
2020-11-24,desktop,referral,501,129,0,13,5,10,532.0
2021-01-18,desktop,organic,759,100,20,10,3,3,420.0
2021-01-09,mobile,organic,475,57,15,3,1,1,101.0
2020-11-29,desktop,organic,608,133,48,22,7,7,389.0
2021-01-26,desktop,(none),540,117,18,14,6,6,21.0
2021-01-07,mobile,organic,650,104,16,10,5,5,289.0
2020-11-11,desktop,(none),482,120,0,13,5,5,278.0
2021-01-18,mobile,redacted,292,46,11,4,2,2,240.0
2020-12-05,desktop,(none),496,114,43,23,10,14,721.0
2020-11-10,tablet,referral,13,5,0,0,0,0,0.0
2021-01-22,mobile,organic,513,147,26,23,14,14,882.0
2020-12-04,desktop,organic,958,243,73,42,19,23,1402.0
2021-01-28,mobile,(none),393,100,17,10,6,6,4.0
2020-12-13,desktop,redacted,411,83,26,19,11,15,912.0
2020-11-16,mobile,referral,250,58,0,18,6,6,582.0
2020-11-15,desktop,organic,415,96,0,22,4,4,230.0
2020-11-05,desktop,organic,717,162,0,20,1,1,18.0
2021-01-15,desktop,referral,377,72,16,4,3,9,402.0
2020-12-29,mobile,organic,483,77,17,6,3,3,86.0
2021-01-09,mobile,(none),315,49,11,2,1,1,24.0
2021-01-26,mobile,redacted,338,73,12,5,5,5,123.0
2020-12-18,tablet,(none),29,6,2,3,1,1,79.0
2020-12-26,desktop,referral,234,40,6,2,1,1,0.0
2020-12-15,desktop,organic,1110,228,75,37,22,28,2731.0
2020-11-13,mobile,(none),305,77,0,9,3,3,223.0
2020-12-06,mobile,organic,457,115,40,21,5,5,113.0
2020-12-21,desktop,referral,432,85,23,8,4,4,1126.0
2020-11-22,desktop,referral,309,70,0,12,4,4,528.0
2021-01-18,mobile,organic,500,62,16,6,4,4,159.0
2020-12-13,mobile,referral,232,49,20,12,5,6,406.0
2020-12-30,desktop,organic,629,91,15,7,2,2,82.0
2021-01-25,desktop,(none),530,120,20,9,6,6,385.0
2020-12-11,desktop,referral,596,146,46,31,16,19,1502.0
2021-01-07,mobile,(none),418,66,21,7,2,2,170.0
2021-01-17,desktop,organic,655,95,12,9,5,5,188.0
2020-12-05,desktop,redacted,420,103,48,30,10,11,969.0
2020-11-04,desktop,referral,447,73,0,11,4,4,258.0
2020-12-13,desktop,referral,345,70,22,12,7,10,524.0
2021-01-24,mobile,redacted,218,37,6,4,1,1,13.0
2020-11-14,tablet,redacted,10,2,0,0,0,0,0.0
2020-12-22,desktop,(none),478,105,28,13,8,9,377.0
2021-01-22,mobile,redacted,310,81,16,13,7,7,432.0
2021-01-04,mobile,redacted,274,43,9,5,2,2,75.0
2021-01-04,desktop,cpc,100,19,1,0,0,0,0.0
2021-01-19,mobile,(none),382,66,19,8,5,5,404.0
2020-11-16,tablet,organic,22,3,1,1,0,0,0.0
2020-11-29,desktop,cpc,79,17,5,2,1,1,233.0
2021-01-02,desktop,referral,256,29,6,1,0,0,0.0
2020-12-20,desktop,redacted,393,72,16,10,1,2,81.0
2020-11-08,mobile,cpc,32,13,0,0,0,0,0.0
2020-12-27,mobile,redacted,216,36,10,3,1,1,67.0
2020-11-10,desktop,cpc,87,26,0,4,0,0,0.0
2020-12-07,tablet,(none),19,4,1,1,0,0,0.0
2020-11-27,tablet,cpc,10,2,0,0,0,0,0.0
2020-11-14,mobile,referral,179,47,0,7,4,4,239.0
2020-12-20,desktop,referral,333,61,13,8,3,3,143.0
2020-11-09,desktop,referral,328,77,0,12,5,5,368.0
2020-12-12,tablet,cpc,4,0,0,0,0,0,0.0
2021-01-24,tablet,redacted,14,7,1,0,0,0,0.0
2020-12-26,mobile,cpc,48,2,0,0,0,0,0.0
2020-12-27,mobile,cpc,57,6,1,0,0,0,0.0
2020-11-17,desktop,cpc,84,27,4,2,0,0,0.0
2020-12-22,tablet,referral,24,7,2,2,0,0,0.0
2020-11-22,tablet,redacted,11,3,0,1,0,0,0.0
2020-12-15,tablet,redacted,29,6,2,0,0,0,0.0
2020-12-01,tablet,redacted,24,6,2,1,0,0,0.0
2021-01-06,tablet,cpc,3,1,1,1,0,0,0.0
2021-01-25,tablet,redacted,19,2,0,0,0,0,0.0
2020-12-31,tablet,redacted,15,3,1,1,1,1,55.0
2020-12-21,tablet,cpc,3,1,0,0,0,0,0.0
2021-01-17,tablet,cpc,6,1,0,0,0,0,0.0
2021-01-13,tablet,referral,14,2,0,0,0,0,0.0
2021-01-27,tablet,referral,19,7,0,1,1,1,0.0
2020-11-22,tablet,referral,14,2,0,0,0,0,0.0
2020-12-26,tablet,referral,10,0,0,0,0,0,0.0
2020-11-03,tablet,(none),25,4,0,1,0,0,0.0
2020-11-14,tablet,(none),16,5,0,1,0,0,0.0
2021-01-27,tablet,cpc,4,2,1,1,0,0,0.0
2020-12-01,desktop,(none),655,163,57,31,10,10,608.0
2020-12-09,desktop,redacted,770,153,52,34,18,27,2198.0
2020-12-31,desktop,(none),349,56,8,2,1,1,36.0
2021-01-01,mobile,referral,135,21,5,1,1,1,19.0
2020-11-04,mobile,(none),361,79,0,8,1,1,141.0
2021-01-27,mobile,redacted,382,112,25,15,10,10,39.0
2020-11-19,desktop,organic,816,202,4,20,6,6,801.0
2020-11-15,desktop,(none),308,73,0,18,3,3,373.0
2021-01-17,mobile,redacted,235,28,10,4,2,2,75.0
2021-01-23,mobile,(none),300,75,16,10,6,6,297.0
2020-12-10,mobile,organic,767,182,65,36,14,16,1884.0
2021-01-20,desktop,redacted,601,141,38,22,16,16,1162.0
2020-12-16,mobile,cpc,80,12,2,1,1,2,97.0
2020-12-03,mobile,redacted,402,106,34,14,4,4,406.0
2021-01-05,desktop,organic,911,151,30,14,9,9,404.0
2020-11-17,mobile,redacted,371,97,28,22,14,14,831.0
2021-01-18,desktop,referral,332,56,9,3,2,2,51.0
2020-12-15,tablet,referral,16,4,1,0,0,0,0.0
2020-11-06,desktop,organic,642,164,0,28,8,8,465.0
2021-01-12,desktop,organic,924,175,40,15,5,5,132.0
2020-11-20,desktop,redacted,489,123,0,19,9,9,734.0
2021-01-27,desktop,organic,913,223,37,14,4,4,16.0
2020-12-07,desktop,cpc,136,28,9,7,5,5,341.0
2020-11-19,mobile,referral,307,68,1,7,4,5,604.0
2020-11-05,mobile,organic,528,117,0,12,0,0,0.0
2020-11-28,mobile,redacted,266,64,25,13,10,10,1038.0
2020-11-12,desktop,redacted,463,99,0,20,5,5,294.0
2020-11-17,desktop,referral,420,103,27,31,15,15,930.0
2020-12-08,mobile,cpc,142,23,5,2,1,1,16.0
2020-11-30,mobile,organic,596,151,47,29,17,18,1364.0
2020-11-20,tablet,redacted,12,2,0,0,0,0,0.0
2021-01-04,mobile,organic,461,77,17,4,2,2,134.0
2020-12-11,mobile,referral,394,82,29,24,16,18,1063.0
2020-12-31,tablet,organic,29,5,2,0,0,0,0.0
2020-12-25,mobile,organic,380,46,4,2,1,1,14.0
2020-11-01,tablet,organic,15,6,0,0,0,0,0.0
2020-12-30,desktop,referral,368,54,15,5,3,3,678.0
2020-11-05,mobile,cpc,69,19,0,4,0,0,0.0
2020-12-25,desktop,cpc,87,12,1,0,0,0,0.0
2020-12-20,tablet,organic,18,1,0,0,0,0,0.0
2020-12-06,mobile,referral,229,55,20,10,4,4,134.0
2020-12-01,desktop,cpc,108,23,7,6,2,2,235.0
2020-12-01,tablet,organic,34,9,6,3,0,0,0.0
2020-12-27,tablet,referral,10,2,1,0,0,0,0.0
2021-01-20,mobile,cpc,79,15,2,2,1,1,96.0
2020-11-28,desktop,cpc,77,30,8,4,1,1,63.0
2021-01-16,mobile,cpc,46,8,3,0,0,0,0.0
2020-12-25,mobile,referral,163,23,10,3,3,3,101.0
2020-12-14,desktop,cpc,128,28,13,5,1,1,107.0
2020-12-28,tablet,organic,32,3,0,0,0,0,0.0
2020-11-11,tablet,redacted,19,2,0,0,0,0,0.0
2020-11-28,tablet,redacted,11,5,1,2,1,1,14.0
2021-01-30,desktop,cpc,80,19,3,0,0,0,0.0
2020-11-29,mobile,referral,202,42,16,6,2,4,205.0
2020-12-03,tablet,(none),25,4,1,0,0,0,0.0
2020-12-06,tablet,redacted,22,6,2,2,2,2,50.0
2020-12-22,mobile,cpc,56,15,2,0,0,0,0.0
2020-11-05,tablet,referral,18,5,0,1,0,0,0.0
2021-01-26,tablet,(none),20,4,0,0,0,0,0.0
2020-11-15,tablet,(none),14,4,0,0,0,0,0.0
2021-01-30,tablet,redacted,16,7,2,2,0,0,0.0
2021-01-17,tablet,(none),14,3,0,0,0,0,0.0
2020-11-01,tablet,referral,12,3,0,0,0,0,0.0
2021-01-09,tablet,referral,10,2,0,0,0,0,0.0
2020-12-19,tablet,(none),20,3,1,1,0,0,0.0
2020-12-28,tablet,redacted,14,1,0,0,0,0,0.0
2020-12-01,tablet,cpc,1,1,0,0,0,0,0.0
2020-12-28,tablet,referral,14,1,0,0,0,0,0.0
2020-11-01,tablet,(none),6,1,0,0,0,0,0.0
2020-11-13,tablet,redacted,18,6,0,0,0,0,0.0
2020-11-08,tablet,redacted,14,4,0,3,2,2,184.0
2020-11-13,tablet,(none),14,4,0,2,0,0,0.0
2020-12-10,tablet,cpc,9,3,1,1,1,1,35.0
2020-12-15,tablet,cpc,9,0,0,0,0,0,0.0
2020-11-06,tablet,redacted,20,4,0,3,2,2,64.0
2020-12-05,tablet,cpc,6,2,1,0,0,0,0.0
2020-11-12,tablet,(none),16,2,0,0,0,0,0.0
2020-12-21,tablet,referral,19,3,2,2,1,1,16.0
2021-01-09,tablet,cpc,3,0,0,0,0,0,0.0
2021-01-28,tablet,cpc,2,1,0,0,0,0,0.0
2020-11-21,tablet,cpc,3,0,0,0,0,0,0.0
2021-01-18,tablet,redacted,15,3,1,0,0,0,0.0
2021-01-01,tablet,organic,9,1,0,0,0,0,0.0
2021-01-31,tablet,cpc,4,0,0,0,0,0,0.0
2020-11-15,tablet,redacted,11,2,0,0,0,0,0.0
2020-12-18,tablet,referral,16,0,0,0,0,0,0.0
2021-01-10,tablet,referral,8,1,1,0,0,0,0.0
2021-01-25,tablet,(none),23,3,2,2,2,2,132.0
2020-11-23,tablet,referral,17,10,0,3,2,2,434.0
2020-12-29,tablet,cpc,4,2,0,0,0,0,0.0
2021-01-01,tablet,cpc,2,1,1,1,1,1,137.0
2021-01-23,tablet,redacted,17,6,2,0,0,0,0.0
2020-11-07,tablet,redacted,8,1,0,1,0,0,0.0
2020-11-04,tablet,cpc,5,2,0,0,0,0,0.0
2020-12-03,tablet,cpc,5,2,0,0,0,0,0.0
2020-12-08,tablet,cpc,7,0,0,0,0,0,0.0
2021-01-12,tablet,referral,20,4,2,2,1,1,71.0
2021-01-18,tablet,cpc,4,0,0,0,0,0,0.0
2021-01-11,tablet,cpc,5,0,0,0,0,0,0.0
2021-01-01,tablet,referral,14,2,0,0,0,0,0.0
2020-12-04,tablet,cpc,5,2,2,0,0,0,0.0
2021-01-15,tablet,redacted,15,4,1,1,1,1,55.0
2020-12-23,tablet,referral,10,2,0,0,0,0,0.0
2020-11-25,tablet,(none),14,2,0,0,0,0,0.0
2021-01-18,tablet,referral,11,2,0,0,0,0,0.0
2020-11-07,tablet,(none),9,4,0,1,0,0,0.0
2020-11-30,tablet,referral,15,5,3,0,0,0,0.0
2020-11-10,tablet,organic,21,9,0,0,0,0,0.0
2020-12-25,tablet,organic,19,3,1,0,0,0,0.0
2020-12-23,tablet,redacted,13,2,0,0,0,0,0.0
2021-01-27,tablet,redacted,14,4,0,0,0,0,0.0
2021-01-30,tablet,referral,6,0,0,0,0,0,0.0
2021-01-01,tablet,(none),13,2,0,0,0,0,0.0
2021-01-05,tablet,cpc,5,0,0,0,0,0,0.0
2021-01-16,tablet,cpc,4,0,0,0,0,0,0.0
2021-01-22,tablet,referral,8,1,0,0,0,0,0.0
2020-11-15,tablet,referral,7,2,0,1,1,1,174.0
2021-01-03,tablet,redacted,7,2,1,0,0,0,0.0
2020-12-12,tablet,(none),15,2,0,0,0,0,0.0
2021-01-28,tablet,redacted,13,6,1,1,1,1,0.0
2020-11-22,tablet,organic,21,5,0,0,0,0,0.0
2021-01-26,tablet,cpc,6,1,0,0,0,0,0.0
2020-12-13,tablet,cpc,3,0,0,0,0,0,0.0
2020-11-27,tablet,referral,10,5,3,3,3,4,192.0
2021-01-15,tablet,cpc,3,1,0,0,0,0,0.0
2020-12-18,tablet,cpc,1,0,0,0,0,0,0.0
2021-01-05,tablet,redacted,22,3,1,0,0,0,0.0
2021-01-30,tablet,cpc,1,0,0,0,0,0,0.0
2021-01-29,tablet,cpc,3,2,1,1,1,1,0.0
2020-12-24,tablet,cpc,5,2,1,0,0,0,0.0
2021-01-02,tablet,cpc,10,0,0,0,0,0,0.0
2020-11-17,tablet,cpc,4,2,0,0,0,0,0.0
2021-01-17,tablet,redacted,5,1,0,0,0,0,0.0
2020-12-05,tablet,referral,8,1,0,0,0,0,0.0
2021-01-20,tablet,cpc,6,0,0,0,0,0,0.0
2021-01-16,tablet,(none),18,5,0,0,0,0,0.0
2020-12-20,tablet,cpc,3,0,0,0,0,0,0.0
2021-01-14,tablet,cpc,3,0,0,0,0,0,0.0
2020-11-05,tablet,cpc,2,1,0,1,0,0,0.0
2020-11-29,tablet,cpc,3,1,1,0,0,0,0.0
2020-11-23,tablet,cpc,2,1,0,1,0,0,0.0
2021-01-24,tablet,cpc,2,1,0,0,0,0,0.0
2021-01-25,tablet,cpc,6,3,1,0,0,0,0.0
2020-11-10,tablet,(none),9,1,0,0,0,0,0.0
2020-12-06,tablet,cpc,2,1,1,0,0,0,0.0
2020-12-23,tablet,cpc,2,0,0,0,0,0,0.0
2021-01-19,tablet,cpc,2,0,0,0,0,0,0.0
2020-11-22,tablet,cpc,2,0,0,0,0,0,0.0
2020-11-30,tablet,cpc,5,1,0,0,0,0,0.0
2021-01-03,tablet,referral,6,0,0,0,0,0,0.0
2020-12-19,tablet,cpc,4,1,0,0,0,0,0.0
2021-01-03,tablet,cpc,1,0,0,0,0,0,0.0
2020-11-26,tablet,cpc,3,1,0,0,0,0,0.0
2020-11-14,tablet,cpc,3,0,0,0,0,0,0.0
2020-11-01,tablet,cpc,2,1,0,0,0,0,0.0
2020-12-07,tablet,cpc,8,0,0,0,0,0,0.0
2020-12-11,tablet,cpc,6,0,0,0,0,0,0.0
2020-12-27,tablet,cpc,1,0,0,0,0,0,0.0
2021-01-04,tablet,cpc,1,1,0,0,0,0,0.0
2020-11-09,tablet,cpc,2,0,0,0,0,0,0.0
2020-11-10,tablet,cpc,2,0,0,0,0,0,0.0
2020-11-07,tablet,cpc,2,1,0,0,0,0,0.0
2020-12-26,tablet,cpc,1,0,0,0,0,0,0.0
2020-12-22,tablet,cpc,2,1,0,0,0,0,0.0
2020-12-25,tablet,cpc,1,0,0,0,0,0,0.0
