cohort_week,week_number,active_users,cohort_size,retention_rate
2021-01-11,0,21285,21285,1.0
2020-12-07,0,28030,28030,1.0
2020-11-23,9,62,19350,0.0032041343669250645
2020-12-28,3,96,16488,0.005822416302765648
2020-11-16,8,55,17172,0.0032028884230142093
2020-12-07,2,245,28030,0.008740635033892259
2020-11-09,3,260,14872,0.017482517482517484
2020-11-23,7,77,19350,0.003979328165374677
2020-11-09,7,37,14872,0.0024878967186659495
2020-11-16,7,58,17172,0.003377591427905893
2020-12-21,5,68,17235,0.003945459820133449
2020-10-26,10,6,1984,0.0030241935483870967
2020-12-14,3,288,24511,0.011749826608461507
2020-12-14,5,132,24511,0.005385337195544858
2020-11-23,8,62,19350,0.0032041343669250645
2020-12-28,1,395,16488,0.02395681707908782
2020-11-02,9,58,16804,0.0034515591525827185
2020-12-14,2,218,24511,0.008893965974460447
2020-10-26,5,7,1984,0.003528225806451613
2020-12-07,1,883,28030,0.031501962183374956
2020-11-09,5,141,14872,0.009480903711672942
2020-11-16,3,341,17172,0.019857908222688098
2020-11-02,5,184,16804,0.010949773863365866
2020-12-07,3,178,28030,0.006350338922582947
2020-12-07,7,98,28030,0.0034962540135569033
2021-01-04,0,22710,22710,1.0
2020-12-28,0,16488,16488,1.0
2021-01-04,3,190,22710,0.00836635843240863
2020-11-02,10,34,16804,0.002023327779100214
2020-12-28,4,75,16488,0.004548762736535662
2020-12-07,6,99,28030,0.003531930074919729
2020-10-26,4,12,1984,0.006048387096774193
2021-01-18,0,20502,20502,1.0
2020-12-21,0,17235,17235,1.0
2020-11-30,8,74,21494,0.003442821252442542
2021-01-04,1,717,22710,0.031571994715984146
2020-11-16,5,96,17172,0.005590496156533892
2020-12-07,4,273,28030,0.009739564752051373
2020-11-23,3,264,19350,0.013643410852713178
2020-11-02,12,18,16804,0.0010711735301118781
2020-11-23,4,120,19350,0.006201550387596899
2020-11-23,6,84,19350,0.004341085271317829
2020-10-26,7,2,1984,0.0010080645161290322
2021-01-18,1,829,20502,0.040435079504438594
2021-01-11,2,294,21285,0.013812544045102185
2020-11-02,7,46,16804,0.0027374434658414665
2020-11-30,6,91,21494,0.0042337396482739365
2020-11-09,10,52,14872,0.0034965034965034965
2020-11-16,4,257,17172,0.014966224085720941
2020-11-02,0,16804,16804,1.0
2020-11-30,3,172,21494,0.008002233181352935
2020-12-14,1,684,24511,0.02790583819509608
2020-11-02,3,242,16804,0.014401333015948583
2020-12-14,4,210,24511,0.008567581902003182
2020-11-30,4,120,21494,0.005582953382339257
2020-11-23,1,908,19350,0.0469250645994832
2020-11-02,1,729,16804,0.043382527969531064
2020-11-09,2,361,14872,0.024273803119956965
2020-11-30,5,128,21494,0.005955150274495208
2020-11-02,2,343,16804,0.020411806712687455
2020-11-02,4,207,16804,0.012318495596286599
2020-11-30,2,454,21494,0.02112217362985019
2020-10-26,8,3,1984,0.0015120967741935483
2020-10-26,3,16,1984,0.008064516129032258
2021-01-25,0,19300,19300,1.0
2020-11-30,1,1089,21494,0.05066530194472876
2020-12-28,2,141,16488,0.008551673944687045
2020-11-23,2,432,19350,0.022325581395348838
2020-11-30,7,72,21494,0.0033497720294035547
2020-11-09,9,48,14872,0.0032275416890801506
2020-12-14,0,24511,24511,1.0
2020-11-16,1,903,17172,0.05258560447239693
2021-01-11,1,767,21285,0.03603476626732441
2020-12-21,2,195,17235,0.011314186248912098
2020-11-16,2,480,17172,0.027952480782669462
2020-12-21,3,164,17235,0.00951552074267479
2020-11-23,0,19350,19350,1.0
2020-10-26,0,1984,1984,1.0
2020-11-09,4,267,14872,0.017953200645508337
2020-11-23,5,77,19350,0.003979328165374677
2020-11-16,6,57,17172,0.0033193570929419985
2020-11-02,11,29,16804,0.0017257795762913592
2020-10-26,2,33,1984,0.01663306451612903
2020-11-09,1,860,14872,0.05782678859601936
2020-12-21,1,429,17235,0.024891209747606613
2020-11-02,6,117,16804,0.006962627945727208
2020-11-09,6,72,14872,0.004841312533620226
2020-10-26,1,127,1984,0.06401209677419355
2020-12-07,5,147,28030,0.005244381020335355
2020-11-09,11,37,14872,0.0024878967186659495
2020-11-16,9,49,17172,0.002853482413230841
2020-11-09,8,54,14872,0.0036309844002151695
2020-12-21,4,96,17235,0.00557006092254134
2020-11-02,8,28,16804,0.0016662699357295882
2020-11-09,0,14872,14872,1.0
2020-11-16,0,17172,17172,1.0
2020-12-14,6,100,24511,0.004079800905715801
2021-01-04,2,278,22710,0.012241303390576838
2020-11-16,10,36,17172,0.0020964360587002098
2020-10-26,6,4,1984,0.0020161290322580645
2020-11-30,0,21494,21494,1.0
2020-10-26,12,1,1984,0.0005040322580645161
2020-10-26,13,1,1984,0.0005040322580645161
2020-10-26,9,1,1984,0.0005040322580645161
