week_start,wau,sessions,conversion_rate,revenue
2020-11-23,22126,27780,0.018538516918646507,47973.0
2020-11-09,17533,22508,0.01515016882886085,23694.0
2020-12-21,19137,22083,0.01055110265815333,14716.0
2020-12-14,27421,33411,0.01643171410613271,47276.0
2020-12-07,31498,38729,0.019933383252859614,59721.0
2020-11-30,24534,31088,0.01897838394235718,43042.0
2021-01-18,22647,27478,0.013647281461532863,26966.0
2020-11-02,19628,24991,0.009963586891280862,21820.0
2021-01-25,21590,26342,0.011768278794320856,5178.0
2021-01-11,23375,27707,0.008192875446638034,13150.0
2020-11-16,19968,25914,0.014432353168171645,38086.0
2021-01-04,24710,29029,0.005580626270281443,9402.0
2020-12-28,17948,20444,0.006750146742320485,10368.0
2020-10-26,2365,2625,0.004952380952380952,773.0
