session_date,dau,sessions,sessions_per_user,events_per_session,median_session_sec,bounce_rate,conversion_rate,transactions,revenue,aov
2020-12-10,5230,5993,1.145889101338432,13.504588686801268,13.813601000,0.564325045886868,0.021691973969631236,144,10893.0,75.64583333333333
2020-12-17,4705,5345,1.1360255047821466,12.015902712815716,14.179691000,0.5751169317118803,0.017586529466791394,127,6933.0,54.59055118110236
2020-12-29,3121,3435,1.100608779237424,9.878893740902475,9.791420000,0.1342066957787482,0.00611353711790393,23,1368.0,59.47826086956522
2021-01-22,3597,4089,1.1367806505421185,12.167522621667889,11.122774000,0.10760577158229397,0.021765712888236734,98,5621.0,57.357142857142854
2021-01-27,4015,4599,1.1454545454545455,10.609045444661882,11.274363000,0.1263318112633181,0.011089367253750815,54,457.0,8.462962962962964
2020-11-02,3259,3726,1.1432954894139307,12.990338164251208,17.957701000,0.5536768652710682,0.010735373054213635,32,4789.0,149.65625
2020-11-07,2001,2271,1.1349325337331335,15.073535887274328,23.020123000,0.4944958168207838,0.012329370321444297,28,2531.0,90.39285714285714
2020-11-22,2357,2687,1.1400084853627492,13.600297729810197,20.640585000,0.524004465947153,0.010792705619650168,31,3428.0,110.58064516129032
2020-11-29,2881,3253,1.1291218326969803,13.14970796188134,15.897282000,0.5637872732861974,0.01537042729787888,53,3938.0,74.30188679245283
2020-11-30,3966,4583,1.1555723651033787,15.314204669430504,18.392811000,0.5326205542221253,0.027492908575169103,138,11944.0,86.55072463768116
2020-12-07,4702,5451,1.1592939174819226,13.161805173362685,16.712451000,0.5602641717116126,0.017244542285819116,111,8800.0,79.27927927927928
2020-12-09,5525,6282,1.1370135746606336,13.134829672078956,12.921405000,0.5921680993314231,0.02117160140082776,148,10997.0,74.30405405405405
2021-01-06,5479,5995,1.0941777696659973,9.377147623019182,11.188023000,0.09808173477898248,0.004503753127606339,30,1976.0,65.86666666666666
2021-01-18,3221,3610,1.12076994722136,8.956509695290858,10.180872000,0.1110803324099723,0.004986149584487534,18,1223.0,67.94444444444444
2021-01-25,3498,3906,1.1166380789022299,10.743983614951357,10.660746000,0.11392729134664618,0.014848950332821301,60,3027.0,50.45
2020-11-26,3618,4177,1.1545052515201768,13.096720134067512,17.400042000,0.5635623653339717,0.01340675125688293,57,4449.0,78.05263157894737
2020-11-27,3507,3977,1.1340176789278587,13.640935378425949,19.343519000,0.5380940407342217,0.022378677395021373,93,6439.0,69.23655913978494
2020-11-28,3002,3387,1.1282478347768155,13.15293770298199,17.303027000,0.5642161204605846,0.021848243283141423,77,6092.0,79.11688311688312
2020-12-08,6673,7562,1.1332234377341526,12.118090452261306,13.267874000,0.6057921184871727,0.01414969584765935,117,8197.0,70.05982905982906
2021-01-07,4167,4660,1.1183105351571874,9.519742489270387,9.870500000,0.11180257510729613,0.005579399141630901,27,1480.0,54.81481481481482
2021-01-10,2771,3002,1.0833634067123783,9.124583610926049,8.421337000,0.09526982011992005,0.004996668887408394,15,1012.0,67.46666666666667
2020-11-10,3252,3824,1.1758917589175892,13.426255230125523,25.036217000,0.4997384937238494,0.01647489539748954,63,4014.0,63.714285714285715
2020-12-05,3072,3498,1.138671875,14.078616352201259,16.961781000,0.5531732418524872,0.02172670097198399,85,6321.0,74.36470588235294
2020-12-06,2941,3327,1.1312478748724923,12.991584009618276,16.912931000,0.545536519386835,0.0123234144875263,43,2498.0,58.093023255813954
2020-12-24,2595,2798,1.0782273603082853,9.334167262330237,9.345745000,0.6540385989992852,0.007862759113652609,23,1192.0,51.82608695652174
2021-01-01,2157,2308,1.0700046360686137,9.542027729636049,8.019786000,0.09445407279029462,0.005199306759098787,13,975.0,75.0
2021-01-11,3602,3953,1.097445863409217,9.659246142170504,11.113575000,0.0994181634201872,0.0065772830761447005,26,1458.0,56.07692307692308
2020-11-03,4641,5347,1.152122387416505,11.618103609500654,17.777214000,0.5821956237142323,0.008976996446605573,48,3497.0,72.85416666666667
2020-11-16,3077,3532,1.1478713032174195,14.10815402038505,23.079222000,0.5025481313703284,0.018969422423556058,67,4976.0,74.26865671641791
2020-11-20,3467,4127,1.1903663109316411,14.032711412648412,28.137724000,0.4986673128180276,0.015023019142234069,63,8174.0,129.74603174603175
2020-12-26,2471,2676,1.0829623634156211,8.275411061285501,8.057341000,0.6849775784753364,0.005979073243647235,16,734.0,45.875
2021-01-15,3549,3935,1.1087630318399548,10.18602287166455,10.663748000,0.09860228716645489,0.009656925031766201,47,2071.0,44.06382978723404
2021-01-17,2713,2988,1.1013638039071139,9.067269076305221,9.785336000,0.09872824631860777,0.004685408299866131,14,481.0,34.357142857142854
2020-11-14,2071,2360,1.1395461129888942,14.292796610169491,22.603935000,0.5152542372881356,0.01228813559322034,30,2338.0,77.93333333333334
2020-11-17,3438,4063,1.1817917393833623,14.595126753630323,26.625665000,0.49273935515628847,0.02092050209205021,98,6227.0,63.54081632653061
2020-11-25,3979,4604,1.1570746418698166,13.949174630755865,20.826870000,0.5364900086880973,0.0184622067767159,99,8094.0,81.75757575757575
2020-12-15,4983,5741,1.1521171984748144,12.68925274342449,12.756909000,0.5948441038146665,0.02072809615049643,139,10280.0,73.9568345323741
2020-12-20,2963,3288,1.1096861289233884,9.149939172749392,9.580931000,0.6478102189781022,0.005474452554744526,19,1399.0,73.63157894736842
2020-12-27,2491,2677,1.074668807707748,8.40605155024281,8.796013000,0.6697796040343669,0.007471049682480389,20,1161.0,58.05
2020-12-30,2953,3213,1.088046054859465,9.397759103641457,9.806479000,0.09897292250233426,0.006535947712418301,23,1604.0,69.73913043478261
2020-11-05,3268,3840,1.175030599755202,13.559375,25.778758000,0.5028645833333333,0.0067708333333333336,26,1792.0,68.92307692307692
2020-11-13,2856,3338,1.1687675070028012,15.141102456560814,25.478781000,0.5050928699820252,0.02067106051527861,78,5831.0,74.75641025641026
2021-01-04,3076,3367,1.0946033810143043,9.334422334422335,9.736251000,0.10513810513810513,0.004455004455004455,15,733.0,48.86666666666667
2021-01-16,2889,3177,1.0996884735202492,9.498268807050676,10.147374000,0.10261252754170601,0.007554296506137866,26,1461.0,56.19230769230769
2021-01-26,3579,4089,1.1424979044425818,10.183908045977011,10.477162000,0.11592076302274394,0.0119833700171191,49,1217.0,24.836734693877553
2021-01-30,2605,2900,1.1132437619961613,10.413793103448276,10.596592000,0.11689655172413793,0.00896551724137931,27,159.0,5.888888888888889
2020-11-06,2806,3319,1.1828225231646472,14.782464597770414,24.911801000,0.4953299186501958,0.014462187405845135,48,3438.0,71.625
2020-11-18,3500,4126,1.1788571428571428,13.45807077072225,24.356426000,0.5070285991274842,0.012118274357731459,59,4575.0,77.54237288135593
2020-12-03,4452,5182,1.1639712488769092,13.835777692010806,21.229926000,0.5125434195291393,0.01659590891547665,89,4324.0,48.58426966292135
2020-12-28,3042,3356,1.1032215647600263,9.713349225268177,9.780320000,0.49463647199046484,0.009833134684147794,36,2147.0,59.638888888888886
2021-01-09,2953,3258,1.1032847951236031,9.695211786372008,9.536197000,0.10128913443830571,0.0055248618784530384,20,1363.0,68.15
2021-01-21,4191,4687,1.1183488427582915,11.259441007040751,11.667456000,0.10923831875400043,0.010667804565820354,53,4225.0,79.71698113207547
2021-01-29,3381,3791,1.1212658976634131,10.820100237404379,11.994208000,0.10445792666842522,0.013980480084410446,53,190.0,3.5849056603773586
2020-12-12,3744,4135,1.1044337606837606,13.633131801692866,11.263992000,0.6072551390568319,0.02418379685610641,107,6284.0,58.728971962616825
2020-12-13,3394,3699,1.0898644667059516,12.673965936739659,13.048142000,0.6017842660178426,0.0170316301703163,74,4421.0,59.74324324324324
2021-01-20,4216,4805,1.1397058823529411,13.294068678459938,11.410015000,0.11196670135275755,0.019771071800208116,96,6809.0,70.92708333333333
2021-01-28,3728,4216,1.1309012875536482,10.217504743833016,12.669708000,0.11053130929791272,0.013045540796963948,55,128.0,2.327272727272727
2020-11-12,3174,3693,1.16351606805293,13.320877335499594,23.610810000,0.511779041429732,0.01380991064175467,54,3349.0,62.01851851851852
2020-11-23,3415,3960,1.1595900439238653,13.458838383838383,22.683753000,0.5143939393939394,0.01616161616161616,74,8864.0,119.78378378378379
2020-12-25,2489,2645,1.062675773402973,8.06805293005671,7.416539000,0.7156899810964084,0.006427221172022685,17,552.0,32.470588235294116
2021-01-19,3710,4187,1.1285714285714286,12.158347265345116,11.233542000,0.10365416766181036,0.011225220921901122,48,3756.0,78.25
2021-01-31,2539,2841,1.118944466325325,9.307990144315381,9.692486000,0.11721224920802534,0.006335797254487857,18,0.0,0.0
2020-11-19,3559,4189,1.177016015734757,12.88278825495345,24.239648000,0.5068035330627835,0.011219861542134162,49,6668.0,136.08163265306123
2020-11-04,3720,4325,1.1626344086021505,11.887398843930637,18.689146000,0.5491329479768786,0.006473988439306359,28,2013.0,71.89285714285714
2020-11-08,1913,2163,1.130684788290643,14.057327785483125,21.982372000,0.5275080906148867,0.014331946370781322,31,3760.0,121.29032258064517
2020-11-24,3805,4422,1.16215505913272,14.20737222976029,24.733083000,0.5,0.02193577566711895,108,10097.0,93.49074074074075
2021-01-03,2574,2785,1.081973581973582,8.853500897666068,8.570503000,0.0947935368043088,0.005385996409335727,15,653.0,43.53333333333333
2020-11-15,1957,2213,1.1308124680633622,14.136918210573882,19.092450000,0.5399909624943515,0.010393131495707185,23,1553.0,67.52173913043478
2020-12-18,4248,4824,1.1355932203389831,11.769278606965175,12.938564000,0.5810530679933665,0.01616915422885572,105,6759.0,64.37142857142857
2020-12-22,3399,3838,1.1291556340100029,11.587285044293903,14.889273000,0.5656591974986972,0.0143303804064617,57,3107.0,54.50877192982456
2020-12-23,3119,3443,1.1038794485411991,11.573627650304967,13.351680000,0.5959918675573628,0.015393552134766193,67,4418.0,65.94029850746269
2021-01-14,3901,4363,1.1184311714944886,10.545496218198487,11.716409000,0.1168920467568187,0.010772404308961724,52,3274.0,62.96153846153846
2020-11-09,2796,3271,1.1698855507868384,13.645062671965759,21.598902000,0.5270559461938246,0.013145826964231121,43,2181.0,50.72093023255814
2020-12-01,4293,4983,1.1607267645003494,14.429259482239615,21.624533000,0.5177603853100542,0.019867549668874173,105,6228.0,59.31428571428572
2020-12-02,4095,4801,1.1724053724053725,13.871693397208915,20.970227000,0.5196833992918142,0.01583003540928973,82,5218.0,63.63414634146341
2020-12-04,4123,4714,1.1433422265340771,14.780653372931694,17.079749000,0.535850657615613,0.01824352991090369,95,6509.0,68.51578947368421
2020-12-21,3618,4006,1.107241569928137,10.663255117324013,12.591280000,0.5978532201697454,0.012481278082875686,54,3552.0,65.77777777777777
2021-01-13,4126,4570,1.1076102762966553,9.971553610503282,10.016152000,0.10700218818380744,0.007658643326039387,36,1858.0,51.611111111111114
2020-11-01,2365,2625,1.109936575052854,11.920380952380953,14.379884000,0.5969523809523809,0.004952380952380952,0,773.0,
2020-12-16,4811,5528,1.1490334649760965,12.114146164978292,12.178379000,0.5993125904486252,0.020803183791606367,140,10877.0,77.69285714285714
2020-12-31,2435,2619,1.075564681724846,9.352042764413898,8.143085000,0.10194730813287514,0.008400152730049638,24,2595.0,108.125
2021-01-05,4094,4485,1.095505617977528,9.531772575250836,10.734025000,0.10390189520624303,0.006243032329988852,29,1167.0,40.241379310344826
2021-01-08,3800,4262,1.121578947368421,9.678085405912716,9.591937000,0.10417644298451431,0.0077428437353355235,33,1671.0,50.63636363636363
2020-11-11,3288,3809,1.1584549878345498,13.55185087949593,23.912187000,0.5111577841953269,0.016539774218955108,63,4428.0,70.28571428571429
2020-11-21,2748,3190,1.160844250363901,13.087147335423197,21.419642000,0.49843260188087773,0.010658307210031349,34,4038.0,118.76470588235294
2020-12-11,4943,5607,1.1343313777058466,13.461565899768146,14.086939000,0.5737471018369895,0.025860531478509006,156,10129.0,64.92948717948718
2020-12-14,4545,5098,1.1216721672167216,13.022361710474696,12.102428000,0.6084739113377795,0.016869360533542564,97,8569.0,88.34020618556701
2020-12-19,3229,3587,1.1108702384639206,10.31669919152495,11.799621000,0.6105380540841929,0.010872595483691107,50,2459.0,49.18
2021-01-02,2577,2728,1.0585952658129607,8.69391495601173,8.448330000,0.09274193548387097,0.005131964809384164,14,1026.0,73.28571428571429
2021-01-12,4187,4721,1.1275376164318127,10.273882651980513,11.305953000,0.10421520864223681,0.00910823977970769,48,2547.0,53.0625
2021-01-23,2817,3132,1.1118210862619808,10.947956577266922,9.636806000,0.10664112388250319,0.013090676883780333,41,2600.0,63.41463414634146
2021-01-24,2692,2968,1.1025260029717683,10.772911051212938,9.965404000,0.10141509433962265,0.01179245283018868,40,2732.0,68.3
