dimension,segment,sessions_b,sessions_c,share_b,share_c,cvr_b,cvr_c,mix_effect,rate_effect,baseline_period,comparison_period
device,desktop,42059,60631,0.5830191294704741,0.5793250396529649,0.018426496112603722,0.008526991143144596,-6.806913166194196e-05,-0.005735031108976631,2020-12-07 to 2020-12-20,2020-12-28 to 2021-01-24
device,mobile,28514,41645,0.3952592181868589,0.3979151139903304,0.01851721961141895,0.008692520110457437,4.9179805857928325e-05,-0.003909396421845844,2020-12-07 to 2020-12-20,2020-12-28 to 2021-01-24
device,tablet,1567,2382,0.021721652342667035,0.022759846356704694,0.01148691767708998,0.009655751469353484,1.192564917209819e-05,-4.167706154167226e-05,2020-12-07 to 2020-12-20,2020-12-28 to 2021-01-24
medium,(none),16709,24518,0.23161907402273357,0.23426780561447763,0.018074091806810702,0.007830981319846643,4.7873417960781945e-05,-0.0023996310164477136,2020-12-07 to 2020-12-20,2020-12-28 to 2021-01-24
medium,cpc,3184,4644,0.04413640144164125,0.04437310095740411,0.01350502512562814,0.006675279931093884,3.1966329076014777e-06,-0.0003030569730304141,2020-12-07 to 2020-12-20,2020-12-28 to 2021-01-24
medium,referral,12802,17721,0.17746049348489049,0.1693229375680789,0.021715356975472583,0.010721742565317985,-0.00017670993164143275,-0.0018614710864181395,2020-12-07 to 2020-12-20,2020-12-28 to 2021-01-24
medium,organic,24441,36639,0.33879955641807596,0.3500831279023104,0.015343071069105192,0.00742378340020197,0.0001731246391959375,-0.002772408997887836,2020-12-07 to 2020-12-20,2020-12-28 to 2021-01-24
medium,redacted,15004,21136,0.2079844746326587,0.201953027957729,0.021527592641962145,0.0102668433005299,-0.00012984252705960407,-0.002274142426575244,2020-12-07 to 2020-12-20,2020-12-28 to 2021-01-24
country,Paraguay,10,20,0.0001386193512614361,0.00019109862600087904,0.0,0.0,0.0,0.0,2020-12-07 to 2020-12-20,2020-12-28 to 2021-01-24
country,Russia,493,629,0.0068339340171888,0.006010051787727646,0.02636916835699797,0.0047694753577106515,-2.1725089214999998e-05,-0.00012981527352473506,2020-12-07 to 2020-12-20,2020-12-28 to 2021-01-24
country,Macao,27,30,0.00037427224840587745,0.0002866479390013186,0.037037037037037035,0.0,-3.2453447927614385e-06,-1.061659033338217e-05,2020-12-07 to 2020-12-20,2020-12-28 to 2021-01-24
country,Sweden,389,581,0.005392292764069864,0.005551415085325536,0.02570694087403599,0.0034423407917383822,4.090548104258933e-06,-0.00012360003676560713,2020-12-07 to 2020-12-20,2020-12-28 to 2021-01-24
country,Philippines,348,554,0.004823953423897976,0.00529343194022435,0.014367816091954023,0.01263537906137184,6.7453809817007726e-06,-9.170537512111154e-06,2020-12-07 to 2020-12-20,2020-12-28 to 2021-01-24
country,Malaysia,359,527,0.004976434710285556,0.005035448795123163,0.016713091922005572,0.015180265654648957,9.863078245839614e-07,-7.718468181094004e-06,2020-12-07 to 2020-12-20,2020-12-28 to 2021-01-24
country,Singapore,1000,1351,0.01386193512614361,0.01290871218635938,0.018,0.0051813471502590676,-1.7158012916116135e-05,-0.00016547230025416114,2020-12-07 to 2020-12-20,2020-12-28 to 2021-01-24
country,Turkey,729,1041,0.010105350706958692,0.009946683483345755,0.02606310013717421,0.007684918347742555,-4.135359737511381e-06,-0.00018280195725886559,2020-12-07 to 2020-12-20,2020-12-28 to 2021-01-24
country,Iraq,49,80,0.0006792348211810368,0.0007643945040035162,0.02040816326530612,0.0,1.7379527106628436e-06,-1.559988783680645e-05,2020-12-07 to 2020-12-20,2020-12-28 to 2021-01-24
country,Germany,1263,1884,0.01750762406431938,0.018001490569282807,0.021377672209026127,0.008492569002123142,1.0557716258125533e-05,-0.00023195106386329973,2020-12-07 to 2020-12-20,2020-12-28 to 2021-01-24
country,Cambodia,17,54,0.00023565289714444138,0.0005159662902023735,0.0,0.0,0.0,0.0,2020-12-07 to 2020-12-20,2020-12-28 to 2021-01-24
country,Jordan,37,56,0.0005128915996673135,0.0005350761528024613,0.0,0.03571428571428571,0.0,1.9109862600087902e-05,2020-12-07 to 2020-12-20,2020-12-28 to 2021-01-24
country,France,1462,2069,0.02026614915442196,0.019769152859790938,0.019835841313269494,0.008699855002416627,-9.858339633583855e-06,-0.0002201490156237897,2020-12-07 to 2020-12-20,2020-12-28 to 2021-01-24
country,Greece,242,399,0.0033545883005267536,0.003812417588717537,0.02066115702479339,0.015037593984962405,9.459282813859166e-06,-2.1439370644313502e-05,2020-12-07 to 2020-12-20,2020-12-28 to 2021-01-24
country,Kosovo,9,24,0.00012475741613529248,0.00022931835120105487,0.0,0.0,0.0,0.0,2020-12-07 to 2020-12-20,2020-12-28 to 2021-01-24
country,Sri Lanka,126,185,0.0017466038258940949,0.0017676622905081311,0.015873015873015872,0.010810810810810811,3.342613430799409e-07,-8.948268995279254e-06,2020-12-07 to 2020-12-20,2020-12-28 to 2021-01-24
country,Taiwan,1285,1790,0.01781258663709454,0.017103327027078674,0.01556420233463035,0.010614525139664804,-1.103906007806793e-05,-8.46559477439692e-05,2020-12-07 to 2020-12-20,2020-12-28 to 2021-01-24
country,Algeria,38,76,0.0005267535347934572,0.0007261747788033404,0.0,0.013157894736842105,0.0,9.554931300043953e-06,2020-12-07 to 2020-12-20,2020-12-28 to 2021-01-24
country,Slovakia,105,145,0.001455503188245079,0.0013854650385063732,0.009523809523809525,0.013793103448275862,-6.670299975114832e-07,5.914957471455779e-06,2020-12-07 to 2020-12-20,2020-12-28 to 2021-01-24
country,Argentina,192,254,0.0026614915442195733,0.002426952550211164,0.026041666666666668,0.003937007874015748,-6.107786302302325e-06,-5.364695802837178e-05,2020-12-07 to 2020-12-20,2020-12-28 to 2021-01-24
country,Belgium,262,459,0.003631827003049626,0.004385713466720174,0.0,0.004357298474945534,0.0,1.9109862600087906e-05,2020-12-07 to 2020-12-20,2020-12-28 to 2021-01-24
country,Ecuador,59,97,0.000817854172442473,0.0009268283361042634,0.0,0.020618556701030927,0.0,1.9109862600087906e-05,2020-12-07 to 2020-12-20,2020-12-28 to 2021-01-24
country,Qatar,35,36,0.0004851677294150263,0.0003439775268015823,0.02857142857142857,0.0,-4.034005788955543e-06,-9.827929337188065e-06,2020-12-07 to 2020-12-20,2020-12-28 to 2021-01-24
country,Albania,25,19,0.0003465483781535902,0.0001815436947008351,0.0,0.0,-0.0,0.0,2020-12-07 to 2020-12-20,2020-12-28 to 2021-01-24
country,Finland,144,149,0.0019961186581646797,0.0014236847637065489,0.013888888888888888,0.013422818791946308,-7.950470756362928e-06,-6.635368958363849e-07,2020-12-07 to 2020-12-20,2020-12-28 to 2021-01-24
country,Ghana,14,26,0.00019406709176601053,0.0002484282138011428,0.0,0.0,0.0,0.0,2020-12-07 to 2020-12-20,2020-12-28 to 2021-01-24
country,Peru,326,474,0.004518990851122817,0.004529037436220833,0.003067484662576687,0.008438818565400843,3.081774569943736e-08,2.4326972328332762e-05,2020-12-07 to 2020-12-20,2020-12-28 to 2021-01-24
country,United States,31539,45967,0.4371915719434433,0.43921152706912037,0.018421636703763594,0.008462592729566863,3.72108794831276e-05,-0.0043741269120554675,2020-12-07 to 2020-12-20,2020-12-28 to 2021-01-24
country,India,6775,9751,0.09391461047962296,0.09317013510672859,0.021697416974169742,0.006460875807609476,-1.615319259268979e-05,-0.0014195905990476518,2020-12-07 to 2020-12-20,2020-12-28 to 2021-01-24
country,Bahamas,18,33,0.00024951483227058497,0.00031531273290145046,0.0,0.0,0.0,0.0,2020-12-07 to 2020-12-20,2020-12-28 to 2021-01-24
country,China,1250,1848,0.017327418907679512,0.017657513042481223,0.0184,0.008116883116883116,6.073732080351482e-06,-0.00018157427048099523,2020-12-07 to 2020-12-20,2020-12-28 to 2021-01-24
country,Belarus,33,49,0.00045744385916273914,0.0004681916337021537,0.030303030303030304,0.0,3.2569013755801707e-07,-1.4187625263701627e-05,2020-12-07 to 2020-12-20,2020-12-28 to 2021-01-24
country,Malta,10,15,0.0001386193512614361,0.0001433239695006593,0.1,0.0,4.704618239223204e-07,-1.4332396950065931e-05,2020-12-07 to 2020-12-20,2020-12-28 to 2021-01-24
country,Kuwait,44,64,0.0006099251455503189,0.000611515603202813,0.06818181818181818,0.0,1.0844029448823576e-07,-4.1694245672919065e-05,2020-12-07 to 2020-12-20,2020-12-28 to 2021-01-24
country,Puerto Rico,56,79,0.0007762683670640421,0.0007548395727034723,0.017857142857142856,0.02531645569620253,-3.8265704215303247e-07,5.63058451609733e-06,2020-12-07 to 2020-12-20,2020-12-28 to 2021-01-24
country,Chile,118,169,0.001635708344884946,0.001614783389707428,0.00847457627118644,0.01775147928994083,-1.7733012862303292e-07,1.4980188902611283e-05,2020-12-07 to 2020-12-20,2020-12-28 to 2021-01-24
country,Croatia,129,129,0.0017881896312725257,0.00123258613770567,0.007751937984496124,0.007751937984496124,-4.307003826099657e-06,0.0,2020-12-07 to 2020-12-20,2020-12-28 to 2021-01-24
country,Bolivia,14,28,0.00019406709176601053,0.00026753807640123066,0.07142857142857142,0.0,5.2479274739442946e-06,-1.9109862600087902e-05,2020-12-07 to 2020-12-20,2020-12-28 to 2021-01-24
country,Nigeria,99,149,0.0013723315774882173,0.0014236847637065489,0.0,0.0,0.0,0.0,2020-12-07 to 2020-12-20,2020-12-28 to 2021-01-24
country,Italy,1017,1398,0.014097588023288051,0.013357793957461447,0.015732546705998034,0.007868383404864092,-1.1638844693437244e-05,-0.00010504787302437705,2020-12-07 to 2020-12-20,2020-12-28 to 2021-01-24
country,Lithuania,59,93,0.000817854172442473,0.0008886086109040876,0.01694915254237288,0.0,1.1992277705358405e-06,-1.506116289667945e-05,2020-12-07 to 2020-12-20,2020-12-28 to 2021-01-24
country,Norway,116,148,0.0016079844746326587,0.001414129832406505,0.008620689655172414,0.0,-1.6711607088461535e-06,-1.2190774417297455e-05,2020-12-07 to 2020-12-20,2020-12-28 to 2021-01-24
country,Spain,1290,1936,0.017881896312725257,0.01849834699688509,0.01937984496124031,0.011363636363636364,1.19467186852681e-05,-0.0001482866082378914,2020-12-07 to 2020-12-20,2020-12-28 to 2021-01-24
country,Czechia,188,272,0.002606043803714999,0.002598941313611955,0.031914893617021274,0.007352941176470588,-2.2667521605458942e-07,-6.383507294071915e-05,2020-12-07 to 2020-12-20,2020-12-28 to 2021-01-24
country,Denmark,212,272,0.002938730246742445,0.002598941313611955,0.014150943396226415,0.003676470588235294,-4.808333959393728e-06,-2.7222540118993145e-05,2020-12-07 to 2020-12-20,2020-12-28 to 2021-01-24
country,Bangladesh,122,238,0.0016911560853895204,0.002274073649410461,0.03278688524590164,0.008403361344537815,1.91120512793751e-05,-5.544992918386164e-05,2020-12-07 to 2020-12-20,2020-12-28 to 2021-01-24
country,Ireland,466,605,0.006459661768782922,0.0057807334365265915,0.019313304721030045,0.006611570247933884,-1.3112349764607245e-05,-7.342534117050944e-05,2020-12-07 to 2020-12-20,2020-12-28 to 2021-01-24
country,Thailand,324,465,0.00449126698087053,0.004443043054520438,0.027777777777777776,0.0064516129032258064,-1.3395535097247575e-06,-9.475306872543587e-05,2020-12-07 to 2020-12-20,2020-12-28 to 2021-01-24
country,Morocco,88,134,0.0012198502911006377,0.0012803607942058896,0.011363636363636364,0.0,6.87619353468771e-07,-1.4549554479612382e-05,2020-12-07 to 2020-12-20,2020-12-28 to 2021-01-24
country,Panama,17,27,0.00023565289714444138,0.00025798314510118675,0.0,0.037037037037037035,0.0,9.554931300043953e-06,2020-12-07 to 2020-12-20,2020-12-28 to 2021-01-24
country,Hong Kong,439,600,0.0060853895203770445,0.005732958780026371,0.011389521640091117,0.011666666666666667,-4.014017543857324e-06,1.588861013446943e-06,2020-12-07 to 2020-12-20,2020-12-28 to 2021-01-24
country,Ukraine,310,353,0.004297199889104519,0.0033728907489155155,0.02258064516129032,0.0028328611898017,-2.087149671394524e-05,-6.660711786901607e-05,2020-12-07 to 2020-12-20,2020-12-28 to 2021-01-24
country,Venezuela,35,40,0.0004851677294150263,0.0003821972520017581,0.0,0.025,-0.0,9.554931300043953e-06,2020-12-07 to 2020-12-20,2020-12-28 to 2021-01-24
country,Israel,319,532,0.0044219573052398115,0.005083223451623383,0.006269592476489028,0.007518796992481203,4.1458692563233335e-06,6.34998569156526e-06,2020-12-07 to 2020-12-20,2020-12-28 to 2021-01-24
country,Iceland,25,34,0.0003465483781535902,0.0003248676642014944,0.0,0.0,-0.0,0.0,2020-12-07 to 2020-12-20,2020-12-28 to 2021-01-24
country,Oman,16,25,0.00022179096201829776,0.0002388732825010988,0.0,0.0,0.0,0.0,2020-12-07 to 2020-12-20,2020-12-28 to 2021-01-24
country,South Korea,907,1305,0.012572775159412254,0.012469185346557358,0.012127894156560088,0.006130268199233717,-1.2563262860020422e-06,-7.478550970122603e-05,2020-12-07 to 2020-12-20,2020-12-28 to 2021-01-24
country,Cyprus,23,32,0.00031882450790130304,0.0003057578016014065,0.0,0.03125,-0.0,9.554931300043953e-06,2020-12-07 to 2020-12-20,2020-12-28 to 2021-01-24
country,Palestine,29,34,0.0004019961186581647,0.0003248676642014944,0.0,0.029411764705882353,-0.0,9.554931300043953e-06,2020-12-07 to 2020-12-20,2020-12-28 to 2021-01-24
country,Uruguay,29,42,0.0004019961186581647,0.000401307114601846,0.13793103448275862,0.023809523809523808,-9.503504225084903e-08,-4.579777416227963e-05,2020-12-07 to 2020-12-20,2020-12-28 to 2021-01-24
country,Mexico,607,838,0.008414194621569171,0.008007032429436832,0.019769357495881382,0.008353221957040573,-8.049334935070945e-06,-9.140936747834469e-05,2020-12-07 to 2020-12-20,2020-12-28 to 2021-01-24
country,Georgia,36,35,0.0004990296645411699,0.00033442259550153834,0.08333333333333333,0.0,-1.3717255753302631e-05,-2.7868549625128194e-05,2020-12-07 to 2020-12-20,2020-12-28 to 2021-01-24
country,Estonia,22,40,0.0003049625727751594,0.0003821972520017581,0.0,0.0,0.0,0.0,2020-12-07 to 2020-12-20,2020-12-28 to 2021-01-24
country,Indonesia,631,977,0.008746881064596618,0.009335167880142941,0.011093502377179081,0.008188331627430911,6.526161186726252e-06,-2.7120256669379904e-05,2020-12-07 to 2020-12-20,2020-12-28 to 2021-01-24
country,Guatemala,18,42,0.00024951483227058497,0.000401307114601846,0.0,0.047619047619047616,0.0,1.9109862600087906e-05,2020-12-07 to 2020-12-20,2020-12-28 to 2021-01-24
country,Mongolia,20,29,0.0002772387025228722,0.00027709300770127463,0.0,0.0,-0.0,0.0,2020-12-07 to 2020-12-20,2020-12-28 to 2021-01-24
country,Azerbaijan,31,41,0.0004297199889104519,0.00039175218330180205,0.0,0.0,-0.0,0.0,2020-12-07 to 2020-12-20,2020-12-28 to 2021-01-24
country,Armenia,14,39,0.00019406709176601053,0.00037264232070171417,0.0,0.02564102564102564,0.0,9.554931300043953e-06,2020-12-07 to 2020-12-20,2020-12-28 to 2021-01-24
country,Tunisia,45,50,0.0006237870806764625,0.0004777465650021976,0.044444444444444446,0.0,-6.490689585522882e-06,-2.123318066676434e-05,2020-12-07 to 2020-12-20,2020-12-28 to 2021-01-24
country,Honduras,16,13,0.00022179096201829776,0.0001242141069005714,0.0,0.0,-0.0,0.0,2020-12-07 to 2020-12-20,2020-12-28 to 2021-01-24
country,Saudi Arabia,154,239,0.002134738009426116,0.0022836285807105046,0.0,0.0041841004184100415,0.0,9.554931300043951e-06,2020-12-07 to 2020-12-20,2020-12-28 to 2021-01-24
country,Myanmar (Burma),23,44,0.00031882450790130304,0.0004204169772019339,0.0,0.0,0.0,0.0,2020-12-07 to 2020-12-20,2020-12-28 to 2021-01-24
country,Switzerland,371,555,0.0051427779317992795,0.0053029868715243934,0.02425876010781671,0.0018018018018018018,3.886470235919206e-06,-0.00011908895507116775,2020-12-07 to 2020-12-20,2020-12-28 to 2021-01-24
country,Jamaica,26,31,0.00036041031327973383,0.0002962028703013625,0.0,0.0,-0.0,0.0,2020-12-07 to 2020-12-20,2020-12-28 to 2021-01-24
country,Latvia,26,43,0.00036041031327973383,0.00041086204590188994,0.038461538461538464,0.0,1.940451254698312e-06,-1.5802386380841922e-05,2020-12-07 to 2020-12-20,2020-12-28 to 2021-01-24
country,United Arab Emirates,248,324,0.0034377599112836153,0.0030957977412142406,0.016129032258064516,0.015432098765432098,-5.5155188720866886e-06,-2.1575651322679907e-06,2020-12-07 to 2020-12-20,2020-12-28 to 2021-01-24
country,Canada,5459,7801,0.07567230385361796,0.07453801907164287,0.017036087195457045,0.01051147288809127,-1.9323774450207703e-05,-0.0004863318256775441,2020-12-07 to 2020-12-20,2020-12-28 to 2021-01-24
country,North Macedonia,40,43,0.0005544774050457444,0.00041086204590188994,0.0,0.023255813953488372,-0.0,9.554931300043953e-06,2020-12-07 to 2020-12-20,2020-12-28 to 2021-01-24
country,Brazil,718,1076,0.009952869420571112,0.010281106078847293,0.01532033426183844,0.010223048327137546,5.02869532177993e-06,-5.240573740887616e-05,2020-12-07 to 2020-12-20,2020-12-28 to 2021-01-24
country,Kenya,37,65,0.0005128915996673135,0.000621070534502857,0.0,0.0,0.0,0.0,2020-12-07 to 2020-12-20,2020-12-28 to 2021-01-24
country,Lebanon,27,51,0.00037427224840587745,0.0004873014963022416,0.0,0.0,0.0,0.0,2020-12-07 to 2020-12-20,2020-12-28 to 2021-01-24
country,Slovenia,51,97,0.000706958691433324,0.0009268283361042634,0.09803921568627451,0.020618556701030927,2.155584751675876e-05,-7.17556605473889e-05,2020-12-07 to 2020-12-20,2020-12-28 to 2021-01-24
country,Dominican Republic,40,60,0.0005544774050457444,0.0005732958780026372,0.025,0.0,4.704618239223204e-07,-1.4332396950065931e-05,2020-12-07 to 2020-12-20,2020-12-28 to 2021-01-24
country,Japan,933,1371,0.012933185472691988,0.013099810812360259,0.022508038585209004,0.010940919037199124,3.7504095745270014e-06,-0.00015152707772288354,2020-12-07 to 2020-12-20,2020-12-28 to 2021-01-24
country,Luxembourg,12,23,0.00016634322151372333,0.00021976341990101092,0.0,0.0,0.0,0.0,2020-12-07 to 2020-12-20,2020-12-28 to 2021-01-24
country,New Zealand,80,126,0.0011089548100914888,0.001203921343805538,0.0125,0.007936507936507936,1.1870816714256156e-06,-5.494085497525274e-06,2020-12-07 to 2020-12-20,2020-12-28 to 2021-01-24
country,Trinidad & Tobago,10,17,0.0001386193512614361,0.0001624338321007472,0.0,0.0,0.0,0.0,2020-12-07 to 2020-12-20,2020-12-28 to 2021-01-24
country,Poland,605,971,0.008386470751316884,0.009277838292342678,0.023140495867768594,0.01132852729145211,2.0626686899770444e-05,-0.00010958953436529749,2020-12-07 to 2020-12-20,2020-12-28 to 2021-01-24
country,Portugal,287,492,0.003978375381203216,0.004701026199621624,0.017421602787456445,0.008130081300813009,1.2589735512515828e-05,-4.367968594305806e-05,2020-12-07 to 2020-12-20,2020-12-28 to 2021-01-24
country,Australia,642,934,0.008899362350984198,0.008924305834241052,0.024922118380062305,0.011777301927194861,6.216444425384215e-07,-0.00011730836216035269,2020-12-07 to 2020-12-20,2020-12-28 to 2021-01-24
country,Romania,166,291,0.0023010812309398393,0.00278048500831279,0.0,0.006872852233676976,0.0,1.9109862600087906e-05,2020-12-07 to 2020-12-20,2020-12-28 to 2021-01-24
country,Bosnia & Herzegovina,19,14,0.0002633767673967286,0.00013376903820061533,0.05263157894736842,0.0,-6.8214594313743815e-06,-7.040475694769228e-06,2020-12-07 to 2020-12-20,2020-12-28 to 2021-01-24
country,Bulgaria,69,121,0.000956473523703909,0.0011561466873053182,0.028985507246376812,0.008264462809917356,5.787627930475627e-06,-2.3956566882718893e-05,2020-12-07 to 2020-12-20,2020-12-28 to 2021-01-24
country,Nepal,20,51,0.0002772387025228722,0.0004873014963022416,0.0,0.0,0.0,0.0,2020-12-07 to 2020-12-20,2020-12-28 to 2021-01-24
country,Austria,177,315,0.002453562517327419,0.003009803359513845,0.005649717514124294,0.012698412698412698,3.1426036281718984e-06,2.1215186445860303e-05,2020-12-07 to 2020-12-20,2020-12-28 to 2021-01-24
country,(not set),634,809,0.008788466869975049,0.007729939421735558,0.012618296529968454,0.007416563658838072,-1.3356813226996728e-05,-4.020907998188843e-05,2020-12-07 to 2020-12-20,2020-12-28 to 2021-01-24
country,Egypt,114,233,0.0015802606043803715,0.002226298992910241,0.017543859649122806,0.008583690987124463,1.1334006816313497e-05,-1.994801446851281e-05,2020-12-07 to 2020-12-20,2020-12-28 to 2021-01-24
country,El Salvador,30,42,0.0004158580537843083,0.000401307114601846,0.06666666666666667,0.0,-9.700626121641513e-07,-2.6753807640123066e-05,2020-12-07 to 2020-12-20,2020-12-28 to 2021-01-24
country,Kazakhstan,42,60,0.0005822012752980316,0.0005732958780026372,0.0,0.0,-0.0,0.0,2020-12-07 to 2020-12-20,2020-12-28 to 2021-01-24
country,Costa Rica,31,52,0.0004297199889104519,0.0004968564276022856,0.0,0.019230769230769232,0.0,9.554931300043953e-06,2020-12-07 to 2020-12-20,2020-12-28 to 2021-01-24
country,Serbia,75,81,0.0010396451344607707,0.0007739494353035601,0.02666666666666667,0.0,-7.085218644192282e-06,-2.063865160809494e-05,2020-12-07 to 2020-12-20,2020-12-28 to 2021-01-24
country,South Africa,136,185,0.001885223177155531,0.0017676622905081311,0.014705882352941176,0.005405405405405406,-1.7288365683441158e-06,-1.644010238389915e-05,2020-12-07 to 2020-12-20,2020-12-28 to 2021-01-24
country,Bahrain,15,22,0.00020792902689215415,0.00021020848860096695,0.0,0.0,0.0,0.0,2020-12-07 to 2020-12-20,2020-12-28 to 2021-01-24
country,Colombia,335,510,0.004643748267258109,0.0048730149630224154,0.008955223880597015,0.01764705882352941,2.0531345889340846e-06,4.235544173303065e-05,2020-12-07 to 2020-12-20,2020-12-28 to 2021-01-24
country,Hungary,114,150,0.0015802606043803715,0.0014332396950065929,0.017543859649122806,0.0,-2.579314199539976e-06,-2.514455605274724e-05,2020-12-07 to 2020-12-20,2020-12-28 to 2021-01-24
country,Pakistan,327,467,0.0045328527862489604,0.004462152917120526,0.0061162079510703364,0.008565310492505354,-4.32415101702964e-07,1.0928270049591556e-05,2020-12-07 to 2020-12-20,2020-12-28 to 2021-01-24
country,United Kingdom,2261,3357,0.031341835320210704,0.03207590437424755,0.01901813356921716,0.010425975573428656,1.396062331870167e-05,-0.00027560123824133854,2020-12-07 to 2020-12-20,2020-12-28 to 2021-01-24
country,Vietnam,321,400,0.004449681175492099,0.003821972520017581,0.018691588785046728,0.0075,-1.1732872064944256e-05,-4.277394479178554e-05,2020-12-07 to 2020-12-20,2020-12-28 to 2021-01-24
country,Netherlands,864,1156,0.011976711948988078,0.011045500582850809,0.011574074074074073,0.01384083044982699,-1.0777909330292468e-05,2.5037458869559626e-05,2020-12-07 to 2020-12-20,2020-12-28 to 2021-01-24
