week_start,sessions,conversion_rate,revenue
2016-08-01,15889,0.008496444080810624,19243.910000000
2016-08-08,17106,0.01636852566350988,41560.820000000
2016-08-15,17213,0.01806773949921571,38946.470000000
2016-08-22,16199,0.019075251558738193,75660.570000000
2016-08-29,17085,0.01199882938249927,28735.920000000
2016-09-05,15768,0.013254693049213596,26663.520000000
2016-09-12,16740,0.011111111111111112,46459.950000000
2016-09-19,16853,0.012282679641606835,22002.680000000
2016-09-26,16251,0.012553073657005722,32128.620000000
2016-10-03,20762,0.010596281668432713,25212.310000000
2016-10-10,19578,0.010113392583512106,26066.000000000
2016-10-17,23743,0.008676241418523354,37632.350000000
2016-10-24,26283,0.007190959936080356,25871.520000000
2016-10-31,25399,0.007874325760856726,29267.170000000
2016-11-07,25389,0.007562330142975304,24473.190000000
2016-11-14,27444,0.007761259291648448,31326.920000000
2016-11-21,25988,0.006387563490841927,24276.010000000
2016-11-28,27794,0.011693171188026192,42150.220000000
2016-12-05,20384,0.020555337519623233,56311.990000000
2016-12-12,19984,0.02326861489191353,58281.560000000
2016-12-19,15247,0.01705253492490326,26757.980000000
2016-12-26,10658,0.010602364421092138,13185.430000000
2017-01-02,14068,0.01151549616150128,25816.260000000
2017-01-09,14033,0.010332787002066558,22880.980000000
2017-01-16,14136,0.010398981324278437,21909.040000000
2017-01-23,16472,0.009713453132588635,21692.050000000
2017-01-30,14691,0.01225239942822136,28819.290000000
2017-02-06,15712,0.009737780040733198,23036.950000000
2017-02-13,16540,0.014207980652962516,43403.030000000
2017-02-20,15171,0.010282776349614395,25145.270000000
2017-02-27,15098,0.01284938402437409,28860.810000000
2017-03-06,15344,0.011274765380604797,25288.420000000
2017-03-13,15285,0.012561334641805692,27449.960000000
2017-03-20,16277,0.011427167168397125,47118.120000000
2017-03-27,16657,0.013147625622861259,31741.330000000
2017-04-03,16519,0.013257461105393789,84221.800000000
2017-04-10,14515,0.014261109197382018,26424.740000000
2017-04-17,14811,0.015528998717169671,73717.600000000
2017-04-24,17250,0.014318840579710146,36833.770000000
2017-05-01,15289,0.02099548695140297,32536.710000000
2017-05-08,12848,0.020625778331257782,34693.410000000
2017-05-15,17013,0.014753423852348204,27553.740000000
2017-05-22,13985,0.013013943510904541,20183.540000000
2017-05-29,14185,0.013887909763835037,31673.520000000
2017-06-05,14470,0.013683483068417416,19707.870000000
2017-06-12,14147,0.018943945712871987,45028.910000000
2017-06-19,14102,0.014111473549851084,28542.260000000
2017-06-26,16853,0.011333293775588916,24804.410000000
2017-07-03,15757,0.010281144887986291,20410.740000000
2017-07-10,16568,0.01696040560115886,41209.800000000
2017-07-17,16774,0.016036723500655777,57066.460000000
2017-07-24,16150,0.015294117647058824,29438.940000000
2017-07-31,5176,0.02009273570324575,20724.390000000
