season,dimension,segment,sessions_b,sessions_c,share_b,share_c,cvr_b,cvr_c,mix_effect,rate_effect
GA4 2020-21,device,mobile,28514.0,41645,0.3952592181868589,0.3979151139903304,0.01851721961141895,0.008692520110457437,4.9179805857928325e-05,-0.003909396421845844
GA4 2020-21,device,tablet,1567.0,2382,0.021721652342667035,0.022759846356704694,0.01148691767708998,0.009655751469353484,1.192564917209819e-05,-4.167706154167226e-05
GA4 2020-21,device,desktop,42059.0,60631,0.5830191294704741,0.5793250396529649,0.018426496112603722,0.008526991143144596,-6.806913166194196e-05,-0.005735031108976631
GA4 2020-21,medium,cpc,3184.0,4644,0.04413640144164125,0.04437310095740411,0.01350502512562814,0.006675279931093884,3.1966329076014777e-06,-0.0003030569730304141
GA4 2020-21,medium,(none),16709.0,24518,0.23161907402273357,0.23426780561447763,0.018074091806810702,0.007830981319846643,4.7873417960781945e-05,-0.0023996310164477136
GA4 2020-21,medium,organic,24441.0,36639,0.33879955641807596,0.3500831279023104,0.015343071069105192,0.00742378340020197,0.0001731246391959375,-0.002772408997887836
GA4 2020-21,medium,referral,12802.0,17721,0.17746049348489049,0.1693229375680789,0.021715356975472583,0.010721742565317985,-0.00017670993164143275,-0.0018614710864181395
GA4 2020-21,medium,redacted,15004.0,21136,0.2079844746326587,0.201953027957729,0.021527592641962145,0.0102668433005299,-0.00012984252705960407,-0.002274142426575244
UA 2016-17,device,mobile,9880.0,15136,0.2447483154974237,0.2861518101899991,0.006275303643724696,0.0035676532769556026,0.0002598195011072543,-0.000774799053812591
UA 2016-17,device,tablet,1560.0,2322,0.03864447086801427,0.04389828906323849,0.011538461538461539,0.003875968992248062,6.062097917566407e-05,-0.00033637031273858953
UA 2016-17,device,desktop,28928.0,35437,0.716607213634562,0.6699499007467624,0.027793141592920356,0.014222422891328274,-0.0012967533034358024,-0.009091701647193848
UA 2016-17,medium,(not set),,5,,9.452689290103034e-05,,0.0,0.0,0.0
UA 2016-17,medium,cpc,,484,,0.009150203232819737,,0.006198347107438017,0.0,5.6716135740618206e-05
UA 2016-17,medium,(none),31383.0,35590,0.777422711058264,0.672842423669534,0.027020998629831438,0.014161281258780556,-0.0028258638022382525,-0.008652563403643083
UA 2016-17,medium,organic,335.0,4160,0.008298652397938961,0.07864637489365725,0.014925373134328358,0.008173076923076924,0.0010499660073987804,-0.0005310436192231018
UA 2016-17,medium,referral,7671.0,11115,0.1900267538644471,0.21013328291899044,0.00299830530569678,0.0007197480881691408,6.02855127433838e-05,-0.00047880070843784304
UA 2016-17,medium,affiliate,516.0,954,0.012782401902497027,0.01803573116551659,0.0,0.0,0.0,0.0
UA 2016-17,medium,cpm,463.0,587,0.011469480776852952,0.011097457226580962,0.017278617710583154,0.030664395229982964,-6.428052704483634e-06,0.0001485480934660684
