season,season_week,week_start,sessions,conversion_rate,revenue
GA4 2020-21,-4,2020-11-01,2625,0.004952380952380952,773.0
GA4 2020-21,-3,2020-11-02,24991,0.009963586891280862,21820.0
GA4 2020-21,-2,2020-11-09,22508,0.01515016882886085,23694.0
GA4 2020-21,-1,2020-11-16,25914,0.014432353168171645,38086.0
GA4 2020-21,0,2020-11-23,27780,0.018538516918646507,47973.0
GA4 2020-21,1,2020-11-30,31088,0.01897838394235718,43042.0
GA4 2020-21,2,2020-12-07,38729,0.019933383252859614,59721.0
GA4 2020-21,3,2020-12-14,33411,0.01643171410613271,47276.0
GA4 2020-21,4,2020-12-21,22083,0.01055110265815333,14716.0
GA4 2020-21,5,2020-12-28,20444,0.006750146742320485,10368.0
GA4 2020-21,6,2021-01-04,29029,0.005580626270281443,9402.0
GA4 2020-21,7,2021-01-11,27707,0.008192875446638034,13150.0
GA4 2020-21,8,2021-01-18,27478,0.013647281461532863,26966.0
GA4 2020-21,9,2021-01-25,26342,0.011768278794320856,5178.0
UA 2016-17,-3,2016-10-31,25399,0.007874325760856726,29267.169999999995
UA 2016-17,-2,2016-11-07,25389,0.007562330142975304,24473.19
UA 2016-17,-1,2016-11-14,27444,0.007761259291648448,31326.919999999995
UA 2016-17,0,2016-11-21,25988,0.006387563490841927,24276.01
UA 2016-17,1,2016-11-28,27794,0.011693171188026192,42150.21999999999
UA 2016-17,2,2016-12-05,20384,0.020555337519623233,56311.98999999998
UA 2016-17,3,2016-12-12,19984,0.02326861489191353,58281.55999999998
UA 2016-17,4,2016-12-19,15247,0.01705253492490326,26757.979999999996
UA 2016-17,5,2016-12-26,10658,0.010602364421092138,13185.429999999998
UA 2016-17,6,2017-01-02,14068,0.01151549616150128,25816.260000000002
UA 2016-17,7,2017-01-09,14033,0.010332787002066558,22880.98
UA 2016-17,8,2017-01-16,14136,0.010398981324278437,21909.04
UA 2016-17,9,2017-01-23,16472,0.009713453132588635,21692.05
UA 2016-17,10,2017-01-30,4621,0.015581043064271802,12956.809999999998
